-- phpMyAdmin SQL Dump
-- version 4.8.0
-- https://www.phpmyadmin.net/
--
-- Host: 127.0.0.1
-- Generation Time: Aug 14, 2018 at 09:04 AM
-- Server version: 10.1.31-MariaDB
-- PHP Version: 7.2.4

SET SQL_MODE = "NO_AUTO_VALUE_ON_ZERO";
SET AUTOCOMMIT = 0;
START TRANSACTION;
SET time_zone = "+00:00";


/*!40101 SET @OLD_CHARACTER_SET_CLIENT=@@CHARACTER_SET_CLIENT */;
/*!40101 SET @OLD_CHARACTER_SET_RESULTS=@@CHARACTER_SET_RESULTS */;
/*!40101 SET @OLD_COLLATION_CONNECTION=@@COLLATION_CONNECTION */;
/*!40101 SET NAMES utf8mb4 */;

--
-- Database: `new_shop`
--

-- --------------------------------------------------------

--
-- Table structure for table `brands`
--

CREATE TABLE `brands` (
  `id` int(10) UNSIGNED NOT NULL,
  `brand_name` varchar(255) COLLATE utf8mb4_unicode_ci NOT NULL,
  `brand_description` text COLLATE utf8mb4_unicode_ci NOT NULL,
  `publication_status` tinyint(4) NOT NULL,
  `created_at` timestamp NULL DEFAULT NULL,
  `updated_at` timestamp NULL DEFAULT NULL
) ENGINE=InnoDB DEFAULT CHARSET=utf8mb4 COLLATE=utf8mb4_unicode_ci;

--
-- Dumping data for table `brands`
--

INSERT INTO `brands` (`id`, `brand_name`, `brand_description`, `publication_status`, `created_at`, `updated_at`) VALUES
(6, 'Samsung', 'Samsung is a South Korean multinational conglomerate headquartered in Samsung Town, Seoul. It comprises numerous affiliated businesses, most of them united under the Samsung brand, and is the largest South Korean chaebol. Wikipedia', 1, '2018-08-05 12:50:25', '2018-08-05 12:56:20'),
(7, 'oppo', 'Oppo Electronics Corporation, commonly referred to as Oppo, is a Chinese consumer electronics and mobile communication company, known for its smartphones, Blu-ray players and other electronic devices. Wikipedia', 1, '2018-08-05 12:58:10', '2018-08-05 12:58:10'),
(8, 'Matador', 'The act of bullfighting is not called or considered a stand-alone sport but rather a performance art. There is no contest, simple punctuation, nor any formal classification. Further still, bullfighting, historically, started more with nobles upon horseback, all lancing bulls with accompanying commoners on foot doing helper jobs. As time went by, the work of the commoners on foot gained in importance up to the point whereupon they became the main and only act. Bullfighting on horseback became a separate and distinct act called \"rejoneo\" which is still performed today, although less often.', 1, '2018-08-05 12:58:54', '2018-08-05 12:58:54'),
(9, 'Dell', 'Dell is an American multinational computer technology company based in Round Rock, Texas, United States, that develops, sells, repairs, and supports computers and related products and services. Wikipedia', 1, '2018-08-05 12:59:29', '2018-08-05 12:59:29'),
(10, 'HP', 'The Hewlett-Packard Company or shortened to Hewlett-Packard was an American multinational information technology company headquartered in Palo Alto, California. Wikipedia', 1, '2018-08-05 12:59:49', '2018-08-05 12:59:49'),
(11, 'Magi', 'sit Jesus in Chapter 2 of the Gospel of Matthew, and the transliterated plural \"magi\" entered English from Latin in this context around 1200 (this particular use is also commonly rendered in English as \"kings\" and more often in recent times as \"wise men\")[1]. The singular \"magus\" appears considerably later, when it was borrowed from Old French in the late 14', 1, '2018-08-05 13:00:29', '2018-08-05 13:00:29'),
(12, 'litetel', 'www.gsmarena.com.bd/litetel/\r\nFind the Latest Litetel Mobile Phones Price in Bangladesh 2018. Litetel Android Smartphones Prices, Specifications, News, Reviews and Showrooms in', 1, '2018-08-05 13:02:15', '2018-08-05 13:02:15'),
(13, 'Elit', 'Categories: Catalan terms borrowed from FrenchCatalan terms derived from FrenchCatalan 2-syllable wordsCatalan terms with IPA pronunciationCatalan lemmasCatalan nounsCatalan feminine nouns with no feminine endingFinnish non-lemma formsFinnish verb formsPolish non-lemma formsPolish noun formsWelsh terms with IPA pronunciationWelsh non-lemma formsWelsh verb formsWelsh literary terms', 1, '2018-08-05 13:02:59', '2018-08-05 13:03:05'),
(14, 'symphony', 'on the meaning common today: a work usually consisting of multiple distinct sections or movements, often four, with the first movement in sonata form. Symphonies are scored for string (violin, viola, cello, and double bass), brass, woodwind, and percussion instruments which altogether number about 30–100 musicians. Symphonies are notated in a musical score, which contains all the instrument parts. Orchestral musicians play from parts which contain just the notated music for their own instrument. A small number of symphonies also contain vocal parts (e.g., Beethoven\'s Ninth Symphony).', 1, '2018-08-05 13:04:16', '2018-08-05 13:04:16'),
(15, 'Phlypics', 'Writer Aaron Mahnke launched his podcast \"Lore\" in 2015 and it has gained critical acclaim in the time since, including earning Best of 2015 honors from iTunes. The audio program is now becoming a TV series as an anthology that, like the podcast, uncovers real-life events that spawned people\'s darke… MORE', 1, '2018-08-05 13:05:38', '2018-08-05 13:05:38');

-- --------------------------------------------------------

--
-- Table structure for table `categories`
--

CREATE TABLE `categories` (
  `id` int(10) UNSIGNED NOT NULL,
  `category_name` varchar(255) COLLATE utf8mb4_unicode_ci NOT NULL,
  `category_description` text COLLATE utf8mb4_unicode_ci NOT NULL,
  `publication_status` tinyint(4) NOT NULL,
  `created_at` timestamp NULL DEFAULT NULL,
  `updated_at` timestamp NULL DEFAULT NULL
) ENGINE=InnoDB DEFAULT CHARSET=utf8mb4 COLLATE=utf8mb4_unicode_ci;

--
-- Dumping data for table `categories`
--

INSERT INTO `categories` (`id`, `category_name`, `category_description`, `publication_status`, `created_at`, `updated_at`) VALUES
(14, 'Electronic', 'If you have a large home or offices like 5000 square feet or similar then a traditional Router will not be suitable to give full coverage. This device can be used to cover up to 5 storied building with 1000 Square Feet each floor. This combo offer comes with 1 high gain Xiaomi Mi Router 3 (Official Global Version) and 4 pcs of Xiaomi WiFi Repeater 2. This device will allow you to create and manage hybrid or advanced WiFi network system with only one broadband connection.', 1, '2018-08-05 12:40:40', '2018-08-05 12:40:40'),
(15, 'Computer', 'A computer is a device that can be instructed to carry out sequences of arithmetic or logical operations automatically via computer programming. Modern computers have the ability to follow generalized sets of operations, called programs. These programs enable computers to perform an extremely wide range of tasks.', 1, '2018-08-05 12:43:03', '2018-08-05 12:43:03'),
(16, 'Electrical', 'Electrical engineering has now subdivided into a wide range of subfields including electronics, digital computers, computer engineering, power engineering, telecommunications, control systems, robotics, radio-frequency engineering, signal processing, instrumentation, and microelectronics. Many of these subdisciplines overlap with other engineering branches, spanning a huge number of specializations such as hardware engineering, power electronics, electromagnetics & waves, microwave engineering, nanotechnology, electrochemistry, renewable energies, mechatronics, electrical materials science, and much more. See glossary of electrical and electronics engineering.', 0, '2018-08-05 12:43:48', '2018-08-05 15:39:23'),
(17, 'R/ac', 'The analysis tool looks deep into a Subreddit\'s history to identify the best time of the week to submit. Its tuned to give your posts the best opportunity to get upvotes and become a top post.', 0, '2018-08-05 12:45:14', '2018-08-05 15:37:43'),
(18, 'Machnical', 'The mechanical engineering field requires an understanding of core areas including mechanics, dynamics, thermodynamics, materials science, structural analysis, and electricity. In addition to these core principles, mechanical engineers use tools such as computer-aided design (CAD), computer-aided manufacturing (CAM), and product life cycle management to design and analyze manufacturing plants, industrial equipment and machinery, heating and cooling systems, transport systems, aircraft, watercraft, robotics, medical devices, weapons, and others. It is the branch of engineering that involves the design, production, and operation of machinery.[1][2]', 1, '2018-08-05 12:45:51', '2018-08-05 12:45:51'),
(19, 'Wood', 'In 2005, the growing stock of forests worldwide was about 434 billion cubic meters, 47% of which was commercial.[2] As an abundant, carbon-neutral renewable resource, woody materials have been of intense interest as a source of renewable energy. In 1991 approximately 3.5 billion cubic meters of wood were harvested. Dominant uses were for', 0, '2018-08-05 12:46:27', '2018-08-05 15:39:28'),
(20, 'Mobile', '2 kilograms (4.4 lbs).[3] In 1979, Nippon Telegraph and Telephone (NTT) launched the world\'s first cellular network in Japan.[4] In 1983, the DynaTAC 8000x was the first commercially available handheld mobile phone. From 1983 to 2014, worldwide mobile phone subscriptions grew to over seven billion, penetrating virtually 100% of the global population and reaching even the bottom of the economic pyramid.[5] In first quarter of 2016, the top smartphone developers worldwide were Samsung, Apple, and Huawei (and \"[s]martphone sales represented 78 percent of total mobile phone sales\").[6] For feature phones (or \"dumbphones\") as of 2016, the largest were Samsung, Nokia, and Alcatel.[7]', 1, '2018-08-05 12:47:46', '2018-08-05 12:47:46'),
(21, 'Light', 'Light is electromagnetic radiation within a certain portion of the electromagnetic spectrum. The word usually refers to visible light, which is the visible spectrum that is visible to the human eye and is responsible for the sense of sight.[1] Visible light is usually defined as having wavelengths in the range of 400–700 nanometres (nm), or 4.00 × 10−7 to 7.00 × 10−7 m, between the infrared (with longer wavelengths) and the ultraviolet (with shorter wavelengths).[2][3] This wavelength means a frequency range of roughly 430–750 terahertz (THz).', 1, '2018-08-05 12:48:16', '2018-08-05 12:48:16'),
(23, 'Paper', 'The pulp papermaking process is said to have been developed in China during the early 2nd century CE, possibly as early as the year 105 CE,[1] by the Han court eunuch Cai Lun, although the earliest archaeological fragments of paper derive from the 2nd century BCE in China.[2] The modern pulp and paper industry is global, with China leading its production and the United States right behind it.', 0, '2018-08-05 12:49:31', '2018-08-05 15:39:38'),
(24, 'gfdsagfasd', 'dasf', 0, '2018-08-10 12:27:04', '2018-08-10 12:27:30'),
(25, 'Julfiker', 'julfiker is a good boy', 1, '2018-08-13 10:36:33', '2018-08-13 10:36:33');

-- --------------------------------------------------------

--
-- Table structure for table `customers`
--

CREATE TABLE `customers` (
  `id` int(10) UNSIGNED NOT NULL,
  `first_name` varchar(255) COLLATE utf8mb4_unicode_ci NOT NULL,
  `last_name` varchar(255) COLLATE utf8mb4_unicode_ci NOT NULL,
  `email_address` varchar(255) COLLATE utf8mb4_unicode_ci NOT NULL,
  `password` varchar(255) COLLATE utf8mb4_unicode_ci NOT NULL,
  `phone_number` varchar(255) COLLATE utf8mb4_unicode_ci NOT NULL,
  `address` text COLLATE utf8mb4_unicode_ci NOT NULL,
  `created_at` timestamp NULL DEFAULT NULL,
  `updated_at` timestamp NULL DEFAULT NULL
) ENGINE=InnoDB DEFAULT CHARSET=utf8mb4 COLLATE=utf8mb4_unicode_ci;

--
-- Dumping data for table `customers`
--

INSERT INTO `customers` (`id`, `first_name`, `last_name`, `email_address`, `password`, `phone_number`, `address`, `created_at`, `updated_at`) VALUES
(1, 'mashud', 'Hossain', 'mashud624496@gmail.com', '$2y$10$lqwCnuA9VuNcD8/gSzvXvOyGy18bNFJP5ZlxhqB2W5vh1wWHQPrQ2', '01722159546', 'Dhaka', '2018-08-09 13:55:36', '2018-08-09 13:55:36'),
(2, 'Julfiker', 'Hossain', 'julfiker123@gmail.com', '$2y$10$IA0/wPNOZ0Fs70QEOUHQ6OEUNceaYDjqXbQo6oQHd6ihwQZP.C73q', '0130684152', 'Rangpur', '2018-08-07 16:09:42', '2018-08-07 16:09:42'),
(3, 'mashud', 'Hossain', 'hellomim22@gmail.com', '$2y$10$xyToTlXOc2J9iYJOFVf0n.yxB6mwkHZ6xuLK3OG9M8gnxTiERETIm', '4657', 'asf', '2018-08-09 07:38:29', '2018-08-09 07:38:29'),
(4, 'Julfiker', 'Hossain', 'julfiker10@gmail.com', '$2y$10$bal5ZOtnuXfXbWVNyE/KEeeRVdudNHZ3sN3AjIlbVg3pyJeGUWuiu', '01722025952', 'Rangpur', '2018-08-13 10:29:38', '2018-08-13 10:29:38');

-- --------------------------------------------------------

--
-- Table structure for table `migrations`
--

CREATE TABLE `migrations` (
  `id` int(10) UNSIGNED NOT NULL,
  `migration` varchar(255) COLLATE utf8mb4_unicode_ci NOT NULL,
  `batch` int(11) NOT NULL
) ENGINE=InnoDB DEFAULT CHARSET=utf8mb4 COLLATE=utf8mb4_unicode_ci;

--
-- Dumping data for table `migrations`
--

INSERT INTO `migrations` (`id`, `migration`, `batch`) VALUES
(1, '2014_10_12_000000_create_users_table', 1),
(2, '2014_10_12_100000_create_password_resets_table', 1),
(3, '2018_08_03_144005_create_categories_table', 2),
(4, '2018_08_04_100705_create_brands_table', 3),
(5, '2018_08_04_222830_create_products_table', 4),
(6, '2018_08_07_202043_create_customers_table', 5),
(7, '2018_08_09_135946_create_shippings_table', 6),
(8, '2018_08_09_170847_create_orders_table', 7),
(9, '2018_08_09_170929_create_pryments_table', 7),
(10, '2018_08_09_171005_create_order_details_table', 7);

-- --------------------------------------------------------

--
-- Table structure for table `orders`
--

CREATE TABLE `orders` (
  `id` int(10) UNSIGNED NOT NULL,
  `customer_id` int(11) NOT NULL,
  `shopping_id` int(11) NOT NULL,
  `order_total` double(10,2) NOT NULL,
  `order_status` varchar(255) COLLATE utf8mb4_unicode_ci NOT NULL DEFAULT 'pending',
  `created_at` timestamp NULL DEFAULT NULL,
  `updated_at` timestamp NULL DEFAULT NULL
) ENGINE=InnoDB DEFAULT CHARSET=utf8mb4 COLLATE=utf8mb4_unicode_ci;

--
-- Dumping data for table `orders`
--

INSERT INTO `orders` (`id`, `customer_id`, `shopping_id`, `order_total`, `order_status`, `created_at`, `updated_at`) VALUES
(1, 1, 11, 122200.00, 'pending', '2018-08-09 14:32:05', '2018-08-09 14:32:05'),
(2, 2, 11, 122200.00, 'pending', '2018-08-09 14:33:22', '2018-08-09 14:33:22'),
(3, 4, 11, 122200.00, 'pending', '2018-08-09 14:37:08', '2018-08-09 14:37:08'),
(4, 5, 11, 122200.00, 'pending', '2018-08-09 14:42:47', '2018-08-09 14:42:47'),
(5, 6, 11, 122200.00, 'pending', '2018-08-09 14:43:58', '2018-08-09 14:43:58'),
(6, 1, 12, 1200.00, 'pending', '2018-08-10 12:25:46', '2018-08-10 12:25:46'),
(7, 13, 13, 540000.00, 'pending', '2018-08-13 10:31:13', '2018-08-13 10:31:13');

-- --------------------------------------------------------

--
-- Table structure for table `order_details`
--

CREATE TABLE `order_details` (
  `id` int(10) UNSIGNED NOT NULL,
  `order_id` int(11) NOT NULL,
  `product_id` int(11) NOT NULL,
  `product_name` varchar(255) COLLATE utf8mb4_unicode_ci NOT NULL,
  `product_price` double(10,2) NOT NULL,
  `product_quentity` int(11) NOT NULL,
  `created_at` timestamp NULL DEFAULT NULL,
  `updated_at` timestamp NULL DEFAULT NULL
) ENGINE=InnoDB DEFAULT CHARSET=utf8mb4 COLLATE=utf8mb4_unicode_ci;

--
-- Dumping data for table `order_details`
--

INSERT INTO `order_details` (`id`, `order_id`, `product_id`, `product_name`, `product_price`, `product_quentity`, `created_at`, `updated_at`) VALUES
(1, 5, 11, 'shart', 20000.00, 6, '2018-08-09 14:43:58', '2018-08-09 14:43:58'),
(2, 5, 22, 'Box', 100.00, 22, '2018-08-09 14:43:58', '2018-08-09 14:43:58'),
(3, 6, 22, 'Box', 100.00, 12, '2018-08-10 12:25:47', '2018-08-10 12:25:47'),
(4, 7, 11, 'shart', 20000.00, 7, '2018-08-13 10:31:13', '2018-08-13 10:31:13'),
(5, 7, 19, 'Bangla', 40000.00, 10, '2018-08-13 10:31:13', '2018-08-13 10:31:13');

-- --------------------------------------------------------

--
-- Table structure for table `password_resets`
--

CREATE TABLE `password_resets` (
  `email` varchar(150) COLLATE utf8mb4_unicode_ci NOT NULL,
  `token` varchar(255) COLLATE utf8mb4_unicode_ci NOT NULL,
  `created_at` timestamp NULL DEFAULT NULL
) ENGINE=InnoDB DEFAULT CHARSET=utf8mb4 COLLATE=utf8mb4_unicode_ci;

-- --------------------------------------------------------

--
-- Table structure for table `products`
--

CREATE TABLE `products` (
  `id` int(10) UNSIGNED NOT NULL,
  `category_id` int(11) NOT NULL,
  `brand_id` int(11) NOT NULL,
  `product_name` varchar(255) COLLATE utf8mb4_unicode_ci NOT NULL,
  `product_prize` double(10,2) NOT NULL,
  `product_quantity` int(11) NOT NULL,
  `short_description` text COLLATE utf8mb4_unicode_ci NOT NULL,
  `long_description` text COLLATE utf8mb4_unicode_ci NOT NULL,
  `product_image` text COLLATE utf8mb4_unicode_ci,
  `publication_status` tinyint(4) NOT NULL,
  `created_at` timestamp NULL DEFAULT NULL,
  `updated_at` timestamp NULL DEFAULT NULL
) ENGINE=InnoDB DEFAULT CHARSET=utf8mb4 COLLATE=utf8mb4_unicode_ci;

--
-- Dumping data for table `products`
--

INSERT INTO `products` (`id`, `category_id`, `brand_id`, `product_name`, `product_prize`, `product_quantity`, `short_description`, `long_description`, `product_image`, `publication_status`, `created_at`, `updated_at`) VALUES
(11, 14, 6, 'shart', 20000.00, 5, 'Samsung is a South Korean multinational conglomerate headquartered in Samsung Town, Seoul. It comprises numerous affiliated businesses, most of them united under the Samsung brand, and is the largest South Samsung is a South Korean multinational conglomerate headquartered in Samsung Town, Seoul. It comprises numerous affiliated businesses, most of them united under the Samsung brand, and is the largest South', '<p><span style=\"background-color:#ffffff; color:#222222; font-family:arial,sans-serif; font-size:small\">Samsung is a South Korean multinational conglomerate headquartered in Samsung Town, Seoul. It comprises numerous affiliated businesses, most of them united under the Samsung brand, and is the largest South&nbsp;</span> <span style=\"background-color:#ffffff; color:#222222; font-family:arial,sans-serif; font-size:small\">Samsung is a South Korean multinational conglomerate headquartered in Samsung Town, Seoul. It comprises numerous affiliated businesses, most of them united under the Samsung brand, and is the largest South&nbsp;</span> <span style=\"background-color:#ffffff; color:#222222; font-family:arial,sans-serif; font-size:small\">Samsung is a South Korean multinational conglomerate headquartered in Samsung Town, Seoul. It comprises numerous affiliated businesses, most of them united under the Samsung brand, and is the largest South&nbsp;</span> <span style=\"background-color:#ffffff; color:#222222; font-family:arial,sans-serif; font-size:small\">Samsung is a South Korean multinational conglomerate headquartered in Samsung Town, Seoul. It comprises numerous affiliated businesses, most of them united under the Samsung brand, and is the largest South&nbsp;</span> <span style=\"background-color:#ffffff; color:#222222; font-family:arial,sans-serif; font-size:small\">Samsung is a South Korean multinational conglomerate headquartered in Samsung Town, Seoul. It comprises numerous affiliated businesses, most of them united under the Samsung brand, and is the largest South&nbsp;</span></p>', 'product-image/shart.jpg', 1, '2018-08-05 13:30:22', '2018-08-05 13:37:53'),
(12, 15, 7, 'watch', 50000.00, 50, 'Watch Shop is a UK online watch retailer. Established in 2007, it was acquired by the UK’s largest luxury jeweller, Aurum Holdings Ltd., in 2014. Wikipedia', '<p><span style=\"background-color:#ffffff; color:#222222; font-family:arial,sans-serif; font-size:small\">Watch Shop is a UK online watch retailer. Established in 2007, it was acquired by the UK&rsquo;s largest luxury jeweller, Aurum Holdings Ltd., in 2014.&nbsp;<a class=\"q ruhjFe NJLBac fl\" href=\"https://en.wikipedia.org/wiki/Watch_Shop\" style=\"text-decoration: none; white-space: nowrap; color: rgb(26, 13, 171); cursor: pointer;\">Wikipedia</a></span> <span style=\"background-color:#ffffff; color:#222222; font-family:arial,sans-serif; font-size:small\">Watch Shop is a UK online watch retailer. Established in 2007, it was acquired by the UK&rsquo;s largest luxury jeweller, Aurum Holdings Ltd., in 2014.&nbsp;<a class=\"q ruhjFe NJLBac fl\" href=\"https://en.wikipedia.org/wiki/Watch_Shop\" style=\"text-decoration: none; white-space: nowrap; color: rgb(26, 13, 171); cursor: pointer;\">Wikipedia</a></span> <span style=\"background-color:#ffffff; color:#222222; font-family:arial,sans-serif; font-size:small\">Watch Shop is a UK online watch retailer. Established in 2007, it was acquired by the UK&rsquo;s largest luxury jeweller, Aurum Holdings Ltd., in 2014.&nbsp;<a class=\"q ruhjFe NJLBac fl\" href=\"https://en.wikipedia.org/wiki/Watch_Shop\" style=\"text-decoration: none; white-space: nowrap; color: rgb(26, 13, 171); cursor: pointer;\">Wikipedia</a></span> <span style=\"background-color:#ffffff; color:#222222; font-family:arial,sans-serif; font-size:small\">Watch Shop is a UK online watch retailer. Established in 2007, it was acquired by the UK&rsquo;s largest luxury jeweller, Aurum Holdings Ltd., in 2014.&nbsp;<a class=\"q ruhjFe NJLBac fl\" href=\"https://en.wikipedia.org/wiki/Watch_Shop\" style=\"text-decoration: none; white-space: nowrap; color: rgb(26, 13, 171); cursor: pointer;\">Wikipedia</a></span> <span style=\"background-color:#ffffff; color:#222222; font-family:arial,sans-serif; font-size:small\">Watch Shop is a UK online watch retailer. Established in 2007, it was acquired by the UK&rsquo;s largest luxury jeweller, Aurum Holdings Ltd., in 2014.&nbsp;<a class=\"q ruhjFe NJLBac fl\" href=\"https://en.wikipedia.org/wiki/Watch_Shop\" style=\"text-decoration: none; white-space: nowrap; color: rgb(26, 13, 171); cursor: pointer;\">Wikipedia</a></span> <span style=\"background-color:#ffffff; color:#222222; font-family:arial,sans-serif; font-size:small\">Watch Shop is a UK online watch retailer. Established in 2007, it was acquired by the UK&rsquo;s largest luxury jeweller, Aurum Holdings Ltd., in 2014.&nbsp;<a class=\"q ruhjFe NJLBac fl\" href=\"https://en.wikipedia.org/wiki/Watch_Shop\" style=\"text-decoration: none; white-space: nowrap; color: rgb(26, 13, 171); cursor: pointer;\">Wikipedia</a></span> <span style=\"background-color:#ffffff; color:#222222; font-family:arial,sans-serif; font-size:small\">Watch Shop is a UK online watch retailer. Established in 2007, it was acquired by the UK&rsquo;s largest luxury jeweller, Aurum Holdings Ltd., in 2014.</span><span style=\"background-color:#ffffff; color:#222222; font-family:arial,sans-serif; font-size:small\">&nbsp;<a class=\"q ruhjFe NJLBac fl\" href=\"https://en.wikipedia.org/wiki/Watch_Shop\" style=\"text-decoration: none; white-space: nowrap; color: rgb(26, 13, 171); cursor: pointer;\">Wikipedia</a></span></p>', 'product-image/watch.jpg', 1, '2018-08-05 13:31:23', '2018-08-05 13:31:23'),
(13, 16, 8, 'Mobile', 100000.00, 30, 'T-Mobile is the brand name used by the mobile communications subsidiaries of the German telecommunications company Deutsche Telekom AG. The brand is active in Austria, the Czech Republic, the Netherlands, Poland, and the United States. Wikipedia', '<p><span style=\"background-color:#ffffff; color:#222222; font-family:arial,sans-serif; font-size:small\">T-Mobile is the brand name used by the mobile communications subsidiaries of the German telecommunications company Deutsche Telekom AG. The brand is active in Austria, the Czech Republic, the Netherlands, Poland, and the United States.&nbsp;<a class=\"q ruhjFe NJLBac fl\" href=\"https://en.wikipedia.org/wiki/T-Mobile\" style=\"text-decoration: none; white-space: nowrap; color: rgb(26, 13, 171); cursor: pointer;\">Wikipedia</a></span> <span style=\"background-color:#ffffff; color:#222222; font-family:arial,sans-serif; font-size:small\">T-Mobile is the brand name used by the mobile communications subsidiaries of the German telecommunications company Deutsche Telekom AG. The brand is active in Austria, the Czech Republic, the Netherlands, Poland, and the United States.&nbsp;<a class=\"q ruhjFe NJLBac fl\" href=\"https://en.wikipedia.org/wiki/T-Mobile\" style=\"text-decoration: none; white-space: nowrap; color: rgb(26, 13, 171); cursor: pointer;\">Wikipedia</a></span> <span style=\"background-color:#ffffff; color:#222222; font-family:arial,sans-serif; font-size:small\">T-Mobile is the brand name used by the mobile communications subsidiaries of the German telecommunications company Deutsche Telekom AG. The brand is active in Austria, the Czech Republic, the Netherlands, Poland, and the United States.&nbsp;<a class=\"q ruhjFe NJLBac fl\" href=\"https://en.wikipedia.org/wiki/T-Mobile\" style=\"text-decoration: none; white-space: nowrap; color: rgb(26, 13, 171); cursor: pointer;\">Wikipedia</a></span> <span style=\"background-color:#ffffff; color:#222222; font-family:arial,sans-serif; font-size:small\">T-Mobile is the brand name used by the mobile communications subsidiaries of the German telecommunications company Deutsche Telekom AG. The brand is active in Austria, the Czech Republic, the Netherlands, Poland, and the United States.&nbsp;<a class=\"q ruhjFe NJLBac fl\" href=\"https://en.wikipedia.org/wiki/T-Mobile\" style=\"text-decoration: none; white-space: nowrap; color: rgb(26, 13, 171); cursor: pointer;\">Wikipedia</a></span> <span style=\"background-color:#ffffff; color:#222222; font-family:arial,sans-serif; font-size:small\">T-Mobile is the brand name used by the mobile communications subsidiaries of the German telecommunications company Deutsche Telekom AG. The brand is active in Austria, the Czech Republic, the Netherlands, Poland, and the United States.</span><span style=\"background-color:#ffffff; color:#222222; font-family:arial,sans-serif; font-size:small\">&nbsp;<a class=\"q ruhjFe NJLBac fl\" href=\"https://en.wikipedia.org/wiki/T-Mobile\" style=\"text-decoration: none; white-space: nowrap; color: rgb(26, 13, 171); cursor: pointer;\">Wikipedia</a></span></p>', 'product-image/Mobile.jpg', 1, '2018-08-05 13:32:24', '2018-08-05 13:32:24'),
(14, 17, 9, 'Referigation', 1000000.00, 7, 'Refrigeration is a process of removing heat from a low-temperature reservoir and transferring it to a high-temperature reservoir. The work of heat transfer is traditionally driven by mechanical means, but can also be driven by heat, magnetism, electricity, laser, or other means.', '<p><em>Refrigeration</em><span style=\"background-color:#ffffff; color:#545454; font-family:arial,sans-serif; font-size:small\">&nbsp;is a process of removing heat from a low-temperature reservoir and transferring it to a high-temperature reservoir. The work of heat transfer is traditionally driven by mechanical means, but can also be driven by heat, magnetism, electricity, laser, or other means.</span> <em>Refrigeration</em><span style=\"background-color:#ffffff; color:#545454; font-family:arial,sans-serif; font-size:small\">&nbsp;is a process of removing heat from a low-temperature reservoir and transferring it to a high-temperature reservoir. The work of heat transfer is traditionally driven by mechanical means, but can also be driven by heat, magnetism, electricity, laser, or other means.</span> <em>Refrigeration</em><span style=\"background-color:#ffffff; color:#545454; font-family:arial,sans-serif; font-size:small\">&nbsp;is a process of removing heat from a low-temperature reservoir and transferring it to a high-temperature reservoir. The work of heat transfer is traditionally driven by mechanical means, but can also be driven by heat, magnetism, electricity, laser, or other means.</span> <em>Refrigeration</em><span style=\"background-color:#ffffff; color:#545454; font-family:arial,sans-serif; font-size:small\">&nbsp;is a process of removing heat from a low-temperature reservoir and transferring it to a high-temperature reservoir. The work of heat transfer is traditionally driven by mechanical means, but can also be driven by heat, magnetism, electricity, laser, or other means.</span> <em>Refrigeration</em><span style=\"background-color:#ffffff; color:#545454; font-family:arial,sans-serif; font-size:small\">&nbsp;is a process of removing heat from a low-temperature reservoir and transferring it to a high-temperature reservoir. The work of heat transfer is traditionally driven by mechanical means, but can also be driven by heat, magnetism, electricity, laser, or other means.</span></p>', 'product-image/Referigation.jpg', 1, '2018-08-05 13:33:13', '2018-08-05 13:33:13'),
(15, 18, 9, 'Computer', 1000000.00, 18, 'A computer is a device that can be instructed to carry out sequences of arithmetic or logical operations automatically via computer programming. Modern computers have the ability to follow generalized sets of operations, called programs. These programs enable computers to perform an extremely wide range of tasks.', '<p><span style=\"background-color:#ffffff; color:#545454; font-family:arial,sans-serif; font-size:small\">A&nbsp;</span><em>computer</em><span style=\"background-color:#ffffff; color:#545454; font-family:arial,sans-serif; font-size:small\">&nbsp;is a device that can be instructed to carry out sequences of arithmetic or logical operations automatically via&nbsp;</span><em>computer</em><span style=\"background-color:#ffffff; color:#545454; font-family:arial,sans-serif; font-size:small\">&nbsp;programming. Modern&nbsp;</span><em>computers</em><span style=\"background-color:#ffffff; color:#545454; font-family:arial,sans-serif; font-size:small\">&nbsp;have the ability to follow generalized sets of operations, called programs. These programs enable&nbsp;</span><em>computers</em><span style=\"background-color:#ffffff; color:#545454; font-family:arial,sans-serif; font-size:small\">&nbsp;to perform an extremely wide range of tasks.</span> <span style=\"background-color:#ffffff; color:#545454; font-family:arial,sans-serif; font-size:small\">A&nbsp;</span><em>computer</em><span style=\"background-color:#ffffff; color:#545454; font-family:arial,sans-serif; font-size:small\">&nbsp;is a device that can be instructed to carry out sequences of arithmetic or logical operations automatically via&nbsp;</span><em>computer</em><span style=\"background-color:#ffffff; color:#545454; font-family:arial,sans-serif; font-size:small\">&nbsp;programming. Modern&nbsp;</span><em>computers</em><span style=\"background-color:#ffffff; color:#545454; font-family:arial,sans-serif; font-size:small\">&nbsp;have the ability to follow generalized sets of operations, called programs. These programs enable&nbsp;</span><em>computers</em><span style=\"background-color:#ffffff; color:#545454; font-family:arial,sans-serif; font-size:small\">&nbsp;to perform an extremely wide range of tasks.</span> <span style=\"background-color:#ffffff; color:#545454; font-family:arial,sans-serif; font-size:small\">A&nbsp;</span><em>computer</em><span style=\"background-color:#ffffff; color:#545454; font-family:arial,sans-serif; font-size:small\">&nbsp;is a device that can be instructed to carry out sequences of arithmetic or logical operations automatically via&nbsp;</span><em>computer</em><span style=\"background-color:#ffffff; color:#545454; font-family:arial,sans-serif; font-size:small\">&nbsp;programming. Modern&nbsp;</span><em>computers</em><span style=\"background-color:#ffffff; color:#545454; font-family:arial,sans-serif; font-size:small\">&nbsp;have the ability to follow generalized sets of operations, called programs. These programs enable&nbsp;</span><em>computers</em><span style=\"background-color:#ffffff; color:#545454; font-family:arial,sans-serif; font-size:small\">&nbsp;to perform an extremely wide range of tasks.</span> <span style=\"background-color:#ffffff; color:#545454; font-family:arial,sans-serif; font-size:small\">A&nbsp;</span><em>computer</em><span style=\"background-color:#ffffff; color:#545454; font-family:arial,sans-serif; font-size:small\">&nbsp;is a device that can be instructed to carry out sequences of arithmetic or logical operations automatically via&nbsp;</span><em>computer</em><span style=\"background-color:#ffffff; color:#545454; font-family:arial,sans-serif; font-size:small\">&nbsp;programming. Modern&nbsp;</span><em>computers</em><span style=\"background-color:#ffffff; color:#545454; font-family:arial,sans-serif; font-size:small\">&nbsp;have the ability to follow generalized sets of operations, called programs. These programs enable&nbsp;</span><em>computers</em><span style=\"background-color:#ffffff; color:#545454; font-family:arial,sans-serif; font-size:small\">&nbsp;to perform an extremely wide range of tasks.</span> <span style=\"background-color:#ffffff; color:#545454; font-family:arial,sans-serif; font-size:small\">A&nbsp;</span><em>computer</em><span style=\"background-color:#ffffff; color:#545454; font-family:arial,sans-serif; font-size:small\">&nbsp;is a device that can be instructed to carry out sequences of arithmetic or logical operations automatically via&nbsp;</span><em>computer</em><span style=\"background-color:#ffffff; color:#545454; font-family:arial,sans-serif; font-size:small\">&nbsp;programming. Modern&nbsp;</span><em>computers</em><span style=\"background-color:#ffffff; color:#545454; font-family:arial,sans-serif; font-size:small\">&nbsp;have the ability to follow generalized sets of operations, called programs. These programs enable&nbsp;</span><em>computers</em><span style=\"background-color:#ffffff; color:#545454; font-family:arial,sans-serif; font-size:small\">&nbsp;to perform an extremely wide range of tasks.</span></p>', 'product-image/Computer.jpg', 1, '2018-08-05 13:34:34', '2018-08-05 13:34:34'),
(16, 19, 10, 'Headphone', 500.00, 5, 'https://www.startech.com.bd/accessories/headphone\r\nAudio Technica ATH-M20x Professional Studio Monitor Headphone. ... Gamdias Hephaestus P1 Surround Sound RGB Gaming Headset. ... In variety of types we have wired, wireless, slim & light, Bluetooth headphone and headsets for gaming or official use.', '<div class=\"TbwUpd f hJND5c\" style=\"-webkit-text-stroke-width:0px; background-color:#ffffff; color:#808080; display:block; font-family:arial,sans-serif; font-size:small; font-style:normal; font-variant-caps:normal; font-variant-ligatures:normal; font-weight:400; height:18px; letter-spacing:normal; line-height:16px; orphans:2; text-align:left; text-decoration-color:initial; text-decoration-style:initial; text-indent:0px; text-transform:none; white-space:nowrap; widows:2; word-spacing:0px\"><cite>https://www.startech.com.bd/accessories/headphone</cite>\r\n<div class=\"ab_ctl action-menu\" style=\"display:inline; margin-bottom:0px; margin-left:3px; margin-right:3px; margin-top:1px; position:relative; user-select:none; vertical-align:middle\">\r\n<div class=\"ab_dropdown action-menu-panel\" style=\"background:#ffffff; border:1px solid rgba(0, 0, 0, 0.2); box-shadow:rgba(0, 0, 0, 0.2) 0px 2px 4px; font-size:13px; left:0px; padding:0px; position:absolute; right:auto; top:12px; transition:opacity 0.218s; visibility:hidden; white-space:nowrap; z-index:3\">\r\n<ol style=\"margin-left:0px; margin-right:0px\">\r\n	<li>&nbsp;</li>\r\n</ol>\r\n</div>\r\n</div>\r\n</div>\r\n\r\n<p><span style=\"background-color:#ffffff; color:#545454; font-family:arial,sans-serif; font-size:small\">Audio Technica ATH-M20x Professional Studio Monitor&nbsp;<em>Headphone</em>.&nbsp;... Gamdias Hephaestus P1 Surround Sound RGB Gaming Headset.&nbsp;... In variety of types we have wired, wireless, slim &amp; light, Bluetooth&nbsp;<em>headphone</em>&nbsp;and headsets for gaming or official use.</span></p>\r\n\r\n<div class=\"TbwUpd f hJND5c\" style=\"-webkit-text-stroke-width:0px; background-color:#ffffff; color:#808080; display:block; font-family:arial,sans-serif; font-size:small; font-style:normal; font-variant-caps:normal; font-variant-ligatures:normal; font-weight:400; height:18px; letter-spacing:normal; line-height:16px; orphans:2; text-align:left; text-decoration-color:initial; text-decoration-style:initial; text-indent:0px; text-transform:none; white-space:nowrap; widows:2; word-spacing:0px\"><cite>https://www.startech.com.bd/accessories/headphone</cite>\r\n\r\n<div class=\"ab_ctl action-menu\" style=\"display:inline; margin-bottom:0px; margin-left:3px; margin-right:3px; margin-top:1px; position:relative; user-select:none; vertical-align:middle\">\r\n<div class=\"ab_dropdown action-menu-panel\" style=\"background:#ffffff; border:1px solid rgba(0, 0, 0, 0.2); box-shadow:rgba(0, 0, 0, 0.2) 0px 2px 4px; font-size:13px; left:0px; padding:0px; position:absolute; right:auto; top:12px; transition:opacity 0.218s; visibility:hidden; white-space:nowrap; z-index:3\">\r\n<ol style=\"margin-left:0px; margin-right:0px\">\r\n	<li>&nbsp;</li>\r\n</ol>\r\n</div>\r\n</div>\r\n</div>\r\n\r\n<p><span style=\"background-color:#ffffff; color:#545454; font-family:arial,sans-serif; font-size:small\">Audio Technica ATH-M20x Professional Studio Monitor&nbsp;<em>Headphone</em>.&nbsp;... Gamdias Hephaestus P1 Surround Sound RGB Gaming Headset.&nbsp;... In variety of types we have wired, wireless, slim &amp; light, Bluetooth&nbsp;<em>headphone</em>&nbsp;and headsets for gaming or official use.</span></p>\r\n\r\n<div class=\"TbwUpd f hJND5c\" style=\"-webkit-text-stroke-width:0px; background-color:#ffffff; color:#808080; display:block; font-family:arial,sans-serif; font-size:small; font-style:normal; font-variant-caps:normal; font-variant-ligatures:normal; font-weight:400; height:18px; letter-spacing:normal; line-height:16px; orphans:2; text-align:left; text-decoration-color:initial; text-decoration-style:initial; text-indent:0px; text-transform:none; white-space:nowrap; widows:2; word-spacing:0px\"><cite>https://www.startech.com.bd/accessories/headphone</cite>\r\n\r\n<div class=\"ab_ctl action-menu\" style=\"display:inline; margin-bottom:0px; margin-left:3px; margin-right:3px; margin-top:1px; position:relative; user-select:none; vertical-align:middle\">\r\n<div class=\"ab_dropdown action-menu-panel\" style=\"background:#ffffff; border:1px solid rgba(0, 0, 0, 0.2); box-shadow:rgba(0, 0, 0, 0.2) 0px 2px 4px; font-size:13px; left:0px; padding:0px; position:absolute; right:auto; top:12px; transition:opacity 0.218s; visibility:hidden; white-space:nowrap; z-index:3\">\r\n<ol style=\"margin-left:0px; margin-right:0px\">\r\n	<li>&nbsp;</li>\r\n</ol>\r\n</div>\r\n</div>\r\n</div>\r\n\r\n<p><span style=\"background-color:#ffffff; color:#545454; font-family:arial,sans-serif; font-size:small\">Audio Technica ATH-M20x Professional Studio Monitor&nbsp;<em>Headphone</em>.&nbsp;... Gamdias Hephaestus P1 Surround Sound RGB Gaming Headset.&nbsp;... In variety of types we have wired, wireless, slim &amp; light, Bluetooth&nbsp;<em>headphone</em>&nbsp;and headsets for gaming or official use.</span></p>\r\n\r\n<div class=\"TbwUpd f hJND5c\" style=\"-webkit-text-stroke-width:0px; background-color:#ffffff; color:#808080; display:block; font-family:arial,sans-serif; font-size:small; font-style:normal; font-variant-caps:normal; font-variant-ligatures:normal; font-weight:400; height:18px; letter-spacing:normal; line-height:16px; orphans:2; text-align:left; text-decoration-color:initial; text-decoration-style:initial; text-indent:0px; text-transform:none; white-space:nowrap; widows:2; word-spacing:0px\"><cite>https://www.startech.com.bd/accessories/headphone</cite>\r\n\r\n<div class=\"ab_ctl action-menu\" style=\"display:inline; margin-bottom:0px; margin-left:3px; margin-right:3px; margin-top:1px; position:relative; user-select:none; vertical-align:middle\">\r\n<div class=\"ab_dropdown action-menu-panel\" style=\"background:#ffffff; border:1px solid rgba(0, 0, 0, 0.2); box-shadow:rgba(0, 0, 0, 0.2) 0px 2px 4px; font-size:13px; left:0px; padding:0px; position:absolute; right:auto; top:12px; transition:opacity 0.218s; visibility:hidden; white-space:nowrap; z-index:3\">\r\n<ol style=\"margin-left:0px; margin-right:0px\">\r\n	<li>&nbsp;</li>\r\n</ol>\r\n</div>\r\n</div>\r\n</div>\r\n\r\n<p><span style=\"background-color:#ffffff; color:#545454; font-family:arial,sans-serif; font-size:small\">Audio Technica ATH-M20x Professional Studio Monitor&nbsp;<em>Headphone</em>.&nbsp;... Gamdias Hephaestus P1 Surround Sound RGB Gaming Headset.&nbsp;... In variety of types we have wired, wireless, slim &amp; light, Bluetooth&nbsp;<em>headphone</em>&nbsp;and headsets for gaming or official use.</span></p>\r\n\r\n<div class=\"TbwUpd f hJND5c\" style=\"-webkit-text-stroke-width:0px; background-color:#ffffff; color:#808080; display:block; font-family:arial,sans-serif; font-size:small; font-style:normal; font-variant-caps:normal; font-variant-ligatures:normal; font-weight:400; height:18px; letter-spacing:normal; line-height:16px; orphans:2; text-align:left; text-decoration-color:initial; text-decoration-style:initial; text-indent:0px; text-transform:none; white-space:nowrap; widows:2; word-spacing:0px\"><cite>https://www.startech.com.bd/accessories/headphone</cite>\r\n\r\n<div class=\"ab_ctl action-menu\" style=\"display:inline; margin-bottom:0px; margin-left:3px; margin-right:3px; margin-top:1px; position:relative; user-select:none; vertical-align:middle\">\r\n<div class=\"ab_dropdown action-menu-panel\" style=\"background:#ffffff; border:1px solid rgba(0, 0, 0, 0.2); box-shadow:rgba(0, 0, 0, 0.2) 0px 2px 4px; font-size:13px; left:0px; padding:0px; position:absolute; right:auto; top:12px; transition:opacity 0.218s; visibility:hidden; white-space:nowrap; z-index:3\">\r\n<ol style=\"margin-left:0px; margin-right:0px\">\r\n	<li>&nbsp;</li>\r\n</ol>\r\n</div>\r\n</div>\r\n</div>\r\n\r\n<p><span style=\"background-color:#ffffff; color:#545454; font-family:arial,sans-serif; font-size:small\">Audio Technica ATH-M20x Professional Studio Monitor&nbsp;<em>Headphone</em>.&nbsp;... Gamdias Hephaestus P1 Surround Sound RGB Gaming Headset.&nbsp;... In variety of types we have wired, wireless, slim &amp; light, Bluetooth&nbsp;<em>headphone</em>&nbsp;and headsets for gaming or official use.</span></p>', 'product-image/Headphone.jpg', 1, '2018-08-05 13:36:04', '2018-08-05 13:36:04'),
(17, 20, 12, 'Light', 5000.00, 20, 'The main source of light on Earth is the Sun. Sunlight provides the energy that green plants use to create sugars mostly in the form of starches, which release energy into the living things that digest them. This process of photosynthesis provides virtually all the energy used by living things. Historically, another important source of light for humans has been fire, from ancient campfires to modern kerosene lamps. With the developme', '<p><span style=\"background-color:#ffffff; color:#222222; font-family:sans-serif; font-size:14px\">The main source of light on Earth is the&nbsp;</span><a href=\"https://en.wikipedia.org/wiki/Sun\" style=\"text-decoration: none; color: rgb(11, 0, 128); background: none rgb(255, 255, 255); font-family: sans-serif; font-size: 14px; font-style: normal; font-variant-ligatures: normal; font-variant-caps: normal; font-weight: 400; letter-spacing: normal; orphans: 2; text-align: start; text-indent: 0px; text-transform: none; white-space: normal; widows: 2; word-spacing: 0px; -webkit-text-stroke-width: 0px;\" title=\"Sun\">Sun</a><span style=\"background-color:#ffffff; color:#222222; font-family:sans-serif; font-size:14px\">.&nbsp;</span><a href=\"https://en.wikipedia.org/wiki/Sunlight\" style=\"text-decoration: none; color: rgb(11, 0, 128); background: none rgb(255, 255, 255); font-family: sans-serif; font-size: 14px; font-style: normal; font-variant-ligatures: normal; font-variant-caps: normal; font-weight: 400; letter-spacing: normal; orphans: 2; text-align: start; text-indent: 0px; text-transform: none; white-space: normal; widows: 2; word-spacing: 0px; -webkit-text-stroke-width: 0px;\" title=\"Sunlight\">Sunlight</a><span style=\"background-color:#ffffff; color:#222222; font-family:sans-serif; font-size:14px\">&nbsp;provides the energy that green plants use to create sugars mostly in the form of starches, which release energy into the living things that digest them. This process of&nbsp;</span><a href=\"https://en.wikipedia.org/wiki/Photosynthesis\" style=\"text-decoration: none; color: rgb(11, 0, 128); background: none rgb(255, 255, 255); font-family: sans-serif; font-size: 14px; font-style: normal; font-variant-ligatures: normal; font-variant-caps: normal; font-weight: 400; letter-spacing: normal; orphans: 2; text-align: start; text-indent: 0px; text-transform: none; white-space: normal; widows: 2; word-spacing: 0px; -webkit-text-stroke-width: 0px;\" title=\"Photosynthesis\">photosynthesis</a><span style=\"background-color:#ffffff; color:#222222; font-family:sans-serif; font-size:14px\">&nbsp;provides virtually all the energy used by living things. Historically, another important source of light for humans has been fire, from ancient campfires to modern kerosene lamps. With the developme</span> <span style=\"background-color:#ffffff; color:#222222; font-family:sans-serif; font-size:14px\">The main source of light on Earth is the&nbsp;</span><a href=\"https://en.wikipedia.org/wiki/Sun\" style=\"text-decoration: none; color: rgb(11, 0, 128); background: none rgb(255, 255, 255); font-family: sans-serif; font-size: 14px; font-style: normal; font-variant-ligatures: normal; font-variant-caps: normal; font-weight: 400; letter-spacing: normal; orphans: 2; text-align: start; text-indent: 0px; text-transform: none; white-space: normal; widows: 2; word-spacing: 0px; -webkit-text-stroke-width: 0px;\" title=\"Sun\">Sun</a><span style=\"background-color:#ffffff; color:#222222; font-family:sans-serif; font-size:14px\">.&nbsp;</span><a href=\"https://en.wikipedia.org/wiki/Sunlight\" style=\"text-decoration: none; color: rgb(11, 0, 128); background: none rgb(255, 255, 255); font-family: sans-serif; font-size: 14px; font-style: normal; font-variant-ligatures: normal; font-variant-caps: normal; font-weight: 400; letter-spacing: normal; orphans: 2; text-align: start; text-indent: 0px; text-transform: none; white-space: normal; widows: 2; word-spacing: 0px; -webkit-text-stroke-width: 0px;\" title=\"Sunlight\">Sunlight</a><span style=\"background-color:#ffffff; color:#222222; font-family:sans-serif; font-size:14px\">&nbsp;provides the energy that green plants use to create sugars mostly in the form of starches, which release energy into the living things that digest them. This process of&nbsp;</span><a href=\"https://en.wikipedia.org/wiki/Photosynthesis\" style=\"text-decoration: none; color: rgb(11, 0, 128); background: none rgb(255, 255, 255); font-family: sans-serif; font-size: 14px; font-style: normal; font-variant-ligatures: normal; font-variant-caps: normal; font-weight: 400; letter-spacing: normal; orphans: 2; text-align: start; text-indent: 0px; text-transform: none; white-space: normal; widows: 2; word-spacing: 0px; -webkit-text-stroke-width: 0px;\" title=\"Photosynthesis\">photosynthesis</a><span style=\"background-color:#ffffff; color:#222222; font-family:sans-serif; font-size:14px\">&nbsp;provides virtually all the energy used by living things. Historically, another important source of light for humans has been fire, from ancient campfires to modern kerosene lamps. With the developme</span> <span style=\"background-color:#ffffff; color:#222222; font-family:sans-serif; font-size:14px\">The main source of light on Earth is the&nbsp;</span><a href=\"https://en.wikipedia.org/wiki/Sun\" style=\"text-decoration: none; color: rgb(11, 0, 128); background: none rgb(255, 255, 255); font-family: sans-serif; font-size: 14px; font-style: normal; font-variant-ligatures: normal; font-variant-caps: normal; font-weight: 400; letter-spacing: normal; orphans: 2; text-align: start; text-indent: 0px; text-transform: none; white-space: normal; widows: 2; word-spacing: 0px; -webkit-text-stroke-width: 0px;\" title=\"Sun\">Sun</a><span style=\"background-color:#ffffff; color:#222222; font-family:sans-serif; font-size:14px\">.&nbsp;</span><a href=\"https://en.wikipedia.org/wiki/Sunlight\" style=\"text-decoration: none; color: rgb(11, 0, 128); background: none rgb(255, 255, 255); font-family: sans-serif; font-size: 14px; font-style: normal; font-variant-ligatures: normal; font-variant-caps: normal; font-weight: 400; letter-spacing: normal; orphans: 2; text-align: start; text-indent: 0px; text-transform: none; white-space: normal; widows: 2; word-spacing: 0px; -webkit-text-stroke-width: 0px;\" title=\"Sunlight\">Sunlight</a><span style=\"background-color:#ffffff; color:#222222; font-family:sans-serif; font-size:14px\">&nbsp;provides the energy that green plants use to create sugars mostly in the form of starches, which release energy into the living things that digest them. This process of&nbsp;</span><a href=\"https://en.wikipedia.org/wiki/Photosynthesis\" style=\"text-decoration: none; color: rgb(11, 0, 128); background: none rgb(255, 255, 255); font-family: sans-serif; font-size: 14px; font-style: normal; font-variant-ligatures: normal; font-variant-caps: normal; font-weight: 400; letter-spacing: normal; orphans: 2; text-align: start; text-indent: 0px; text-transform: none; white-space: normal; widows: 2; word-spacing: 0px; -webkit-text-stroke-width: 0px;\" title=\"Photosynthesis\">photosynthesis</a><span style=\"background-color:#ffffff; color:#222222; font-family:sans-serif; font-size:14px\">&nbsp;provides virtually all the energy used by living things. Historically, another important source of light for humans has been fire, from ancient campfires to modern kerosene lamps. With the developme</span> <span style=\"background-color:#ffffff; color:#222222; font-family:sans-serif; font-size:14px\">The main source of light on Earth is the&nbsp;</span><a href=\"https://en.wikipedia.org/wiki/Sun\" style=\"text-decoration: none; color: rgb(11, 0, 128); background: none rgb(255, 255, 255); font-family: sans-serif; font-size: 14px; font-style: normal; font-variant-ligatures: normal; font-variant-caps: normal; font-weight: 400; letter-spacing: normal; orphans: 2; text-align: start; text-indent: 0px; text-transform: none; white-space: normal; widows: 2; word-spacing: 0px; -webkit-text-stroke-width: 0px;\" title=\"Sun\">Sun</a><span style=\"background-color:#ffffff; color:#222222; font-family:sans-serif; font-size:14px\">.&nbsp;</span><a href=\"https://en.wikipedia.org/wiki/Sunlight\" style=\"text-decoration: none; color: rgb(11, 0, 128); background: none rgb(255, 255, 255); font-family: sans-serif; font-size: 14px; font-style: normal; font-variant-ligatures: normal; font-variant-caps: normal; font-weight: 400; letter-spacing: normal; orphans: 2; text-align: start; text-indent: 0px; text-transform: none; white-space: normal; widows: 2; word-spacing: 0px; -webkit-text-stroke-width: 0px;\" title=\"Sunlight\">Sunlight</a><span style=\"background-color:#ffffff; color:#222222; font-family:sans-serif; font-size:14px\">&nbsp;provides the energy that green plants use to create sugars mostly in the form of starches, which release energy into the living things that digest them. This process of&nbsp;</span><a href=\"https://en.wikipedia.org/wiki/Photosynthesis\" style=\"text-decoration: none; color: rgb(11, 0, 128); background: none rgb(255, 255, 255); font-family: sans-serif; font-size: 14px; font-style: normal; font-variant-ligatures: normal; font-variant-caps: normal; font-weight: 400; letter-spacing: normal; orphans: 2; text-align: start; text-indent: 0px; text-transform: none; white-space: normal; widows: 2; word-spacing: 0px; -webkit-text-stroke-width: 0px;\" title=\"Photosynthesis\">photosynthesis</a><span style=\"background-color:#ffffff; color:#222222; font-family:sans-serif; font-size:14px\">&nbsp;provides virtually all the energy used by living things. Historically, another important source of light for humans has been fire, from ancient campfires to modern kerosene lamps. With the developme</span> <span style=\"background-color:#ffffff; color:#222222; font-family:sans-serif; font-size:14px\">The main source of light on Earth is the&nbsp;</span><a href=\"https://en.wikipedia.org/wiki/Sun\" style=\"text-decoration: none; color: rgb(11, 0, 128); background: none rgb(255, 255, 255); font-family: sans-serif; font-size: 14px; font-style: normal; font-variant-ligatures: normal; font-variant-caps: normal; font-weight: 400; letter-spacing: normal; orphans: 2; text-align: start; text-indent: 0px; text-transform: none; white-space: normal; widows: 2; word-spacing: 0px; -webkit-text-stroke-width: 0px;\" title=\"Sun\">Sun</a><span style=\"background-color:#ffffff; color:#222222; font-family:sans-serif; font-size:14px\">.&nbsp;</span><a href=\"https://en.wikipedia.org/wiki/Sunlight\" style=\"text-decoration: none; color: rgb(11, 0, 128); background: none rgb(255, 255, 255); font-family: sans-serif; font-size: 14px; font-style: normal; font-variant-ligatures: normal; font-variant-caps: normal; font-weight: 400; letter-spacing: normal; orphans: 2; text-align: start; text-indent: 0px; text-transform: none; white-space: normal; widows: 2; word-spacing: 0px; -webkit-text-stroke-width: 0px;\" title=\"Sunlight\">Sunlight</a><span style=\"background-color:#ffffff; color:#222222; font-family:sans-serif; font-size:14px\">&nbsp;provides the energy that green plants use to create sugars mostly in the form of starches, which release energy into the living things that digest them. This process of&nbsp;</span><a href=\"https://en.wikipedia.org/wiki/Photosynthesis\" style=\"text-decoration: none; color: rgb(11, 0, 128); background: none rgb(255, 255, 255); font-family: sans-serif; font-size: 14px; font-style: normal; font-variant-ligatures: normal; font-variant-caps: normal; font-weight: 400; letter-spacing: normal; orphans: 2; text-align: start; text-indent: 0px; text-transform: none; white-space: normal; widows: 2; word-spacing: 0px; -webkit-text-stroke-width: 0px;\" title=\"Photosynthesis\">photosynthesis</a><span style=\"background-color:#ffffff; color:#222222; font-family:sans-serif; font-size:14px\">&nbsp;provides virtually all the energy used by living things. Historically, another important source of light for humans has been fire, from ancient campfires to modern kerosene lamps. With the developme</span></p>', 'product-image/Light.jpg', 1, '2018-08-05 13:37:28', '2018-08-05 13:37:28'),
(18, 21, 14, 'Desh', 400.00, 2, 'Our family of companies comprises a range of industries in Bangladesh, from logistics and real estate to locomotives and packaging. But our core business, 100% export-oriented ready-made garments (RMG) has been the main flag bearer of the entire Group.', '<p><span style=\"background-color:#ffffff; color:#32373c; font-family:Lato,sans-serif; font-size:18px\">Our family of companies comprises a range of industries in Bangladesh, from logistics and real estate to locomotives and packaging. But our core business, 100% export-oriented ready-made garments (RMG) has been the main flag bearer of the entire Group.</span> <span style=\"background-color:#ffffff; color:#32373c; font-family:Lato,sans-serif; font-size:18px\">Our family of companies comprises a range of industries in Bangladesh, from logistics and real estate to locomotives and packaging. But our core business, 100% export-oriented ready-made garments (RMG) has been the main flag bearer of the entire Group.</span> <span style=\"background-color:#ffffff; color:#32373c; font-family:Lato,sans-serif; font-size:18px\">Our family of companies comprises a range of industries in Bangladesh, from logistics and real estate to locomotives and packaging. But our core business, 100% export-oriented ready-made garments (RMG) has been the main flag bearer of the entire Group.</span> <span style=\"background-color:#ffffff; color:#32373c; font-family:Lato,sans-serif; font-size:18px\">Our family of companies comprises a range of industries in Bangladesh, from logistics and real estate to locomotives and packaging. But our core business, 100% export-oriented ready-made garments (RMG) has been the main flag bearer of the entire Group.</span></p>', 'product-image/Desh.jpg', 1, '2018-08-05 13:39:31', '2018-08-05 13:39:31'),
(19, 22, 14, 'Bangla', 40000.00, 4, 'Bengali, also known by its endonym Bangla, is an Indo-Aryan language spoken in South Asia. It is the official and most widely spoken language of Bangladesh and second most widely spoken o', '<p><span style=\"background-color:#ffffff; color:#222222; font-family:arial,sans-serif; font-size:small\">Bengali, also known by its endonym Bangla, is an Indo-Aryan language spoken in South Asia. It is the official and most widely spoken language of Bangladesh and second most widely spoken o</span> <span style=\"background-color:#ffffff; color:#222222; font-family:arial,sans-serif; font-size:small\">Bengali, also known by its endonym Bangla, is an Indo-Aryan language spoken in South Asia. It is the official and most widely spoken language of Bangladesh and second most widely spoken o</span> <span style=\"background-color:#ffffff; color:#222222; font-family:arial,sans-serif; font-size:small\">Bengali, also known by its endonym Bangla, is an Indo-Aryan language spoken in South Asia. It is the official and most widely spoken language of Bangladesh and second most widely spoken o</span> <span style=\"background-color:#ffffff; color:#222222; font-family:arial,sans-serif; font-size:small\">Bengali, also known by its endonym Bangla, is an Indo-Aryan language spoken in South Asia. It is the official and most widely spoken language of Bangladesh and second most widely spoken o</span> <span style=\"background-color:#ffffff; color:#222222; font-family:arial,sans-serif; font-size:small\">Bengali, also known by its endonym Bangla, is an Indo-Aryan language spoken in South Asia. It is the official and most widely spoken language of Bangladesh and second most widely spoken o</span></p>', 'product-image/Bangla.jpg', 1, '2018-08-05 13:40:16', '2018-08-05 13:40:16');
INSERT INTO `products` (`id`, `category_id`, `brand_id`, `product_name`, `product_prize`, `product_quantity`, `short_description`, `long_description`, `product_image`, `publication_status`, `created_at`, `updated_at`) VALUES
(20, 23, 15, 'Book', 70000.00, 98, 'A book is a series of pages assembled for easy portability and reading, as well as the composition contained in it. The book\'s most common modern form is that of a codex volume consisting of rectangular paper pages bound on one side, with a heavier cover and spine, so that it can fan open for reading. Books have taken other forms, such as scrolls, leaves on a string, or strips tied together; and the pages have been of parchment, vellum, papyrus, bamboo slips, palm leaves, silk, wood, and other materials.[1]', '<p><span style=\"background-color:#ffffff; color:#222222; font-family:sans-serif; font-size:14px\">A&nbsp;</span><strong>book</strong><span style=\"background-color:#ffffff; color:#222222; font-family:sans-serif; font-size:14px\">&nbsp;is a series of pages assembled for easy portability and reading, as well as the composition contained in it. The book&#39;s most common modern form is that of a&nbsp;</span><a href=\"https://en.wikipedia.org/wiki/Codex\" style=\"text-decoration: none; color: rgb(11, 0, 128); background: none rgb(255, 255, 255); font-family: sans-serif; font-size: 14px; font-style: normal; font-variant-ligatures: normal; font-variant-caps: normal; font-weight: 400; letter-spacing: normal; orphans: 2; text-align: start; text-indent: 0px; text-transform: none; white-space: normal; widows: 2; word-spacing: 0px; -webkit-text-stroke-width: 0px;\" title=\"Codex\">codex</a><span style=\"background-color:#ffffff; color:#222222; font-family:sans-serif; font-size:14px\">&nbsp;volume consisting of rectangular&nbsp;</span><a href=\"https://en.wikipedia.org/wiki/Paper\" style=\"text-decoration: none; color: rgb(11, 0, 128); background: none rgb(255, 255, 255); font-family: sans-serif; font-size: 14px; font-style: normal; font-variant-ligatures: normal; font-variant-caps: normal; font-weight: 400; letter-spacing: normal; orphans: 2; text-align: start; text-indent: 0px; text-transform: none; white-space: normal; widows: 2; word-spacing: 0px; -webkit-text-stroke-width: 0px;\" title=\"Paper\">paper</a><span style=\"background-color:#ffffff; color:#222222; font-family:sans-serif; font-size:14px\">&nbsp;</span><a href=\"https://en.wikipedia.org/wiki/Page_(paper)\" style=\"text-decoration: none; color: rgb(11, 0, 128); background: none rgb(255, 255, 255); font-family: sans-serif; font-size: 14px; font-style: normal; font-variant-ligatures: normal; font-variant-caps: normal; font-weight: 400; letter-spacing: normal; orphans: 2; text-align: start; text-indent: 0px; text-transform: none; white-space: normal; widows: 2; word-spacing: 0px; -webkit-text-stroke-width: 0px;\" title=\"Page (paper)\">pages</a><span style=\"background-color:#ffffff; color:#222222; font-family:sans-serif; font-size:14px\">&nbsp;</span><a href=\"https://en.wikipedia.org/wiki/Bookbinding\" style=\"text-decoration: none; color: rgb(11, 0, 128); background: none rgb(255, 255, 255); font-family: sans-serif; font-size: 14px; font-style: normal; font-variant-ligatures: normal; font-variant-caps: normal; font-weight: 400; letter-spacing: normal; orphans: 2; text-align: start; text-indent: 0px; text-transform: none; white-space: normal; widows: 2; word-spacing: 0px; -webkit-text-stroke-width: 0px;\" title=\"Bookbinding\">bound</a><span style=\"background-color:#ffffff; color:#222222; font-family:sans-serif; font-size:14px\">&nbsp;on one side, with a heavier&nbsp;</span><a href=\"https://en.wikipedia.org/wiki/Book_cover\" style=\"text-decoration: none; color: rgb(11, 0, 128); background: none rgb(255, 255, 255); font-family: sans-serif; font-size: 14px; font-style: normal; font-variant-ligatures: normal; font-variant-caps: normal; font-weight: 400; letter-spacing: normal; orphans: 2; text-align: start; text-indent: 0px; text-transform: none; white-space: normal; widows: 2; word-spacing: 0px; -webkit-text-stroke-width: 0px;\" title=\"Book cover\">cover</a><span style=\"background-color:#ffffff; color:#222222; font-family:sans-serif; font-size:14px\">&nbsp;and spine, so that it can fan open for reading. Books have taken other forms, such as&nbsp;</span><a href=\"https://en.wikipedia.org/wiki/Scroll\" style=\"text-decoration: none; color: rgb(11, 0, 128); background: none rgb(255, 255, 255); font-family: sans-serif; font-size: 14px; font-style: normal; font-variant-ligatures: normal; font-variant-caps: normal; font-weight: 400; letter-spacing: normal; orphans: 2; text-align: start; text-indent: 0px; text-transform: none; white-space: normal; widows: 2; word-spacing: 0px; -webkit-text-stroke-width: 0px;\" title=\"Scroll\">scrolls</a><span style=\"background-color:#ffffff; color:#222222; font-family:sans-serif; font-size:14px\">, leaves on a string, or strips tied together; and the pages have been of&nbsp;</span><a href=\"https://en.wikipedia.org/wiki/Parchment\" style=\"text-decoration: none; color: rgb(11, 0, 128); background: none rgb(255, 255, 255); font-family: sans-serif; font-size: 14px; font-style: normal; font-variant-ligatures: normal; font-variant-caps: normal; font-weight: 400; letter-spacing: normal; orphans: 2; text-align: start; text-indent: 0px; text-transform: none; white-space: normal; widows: 2; word-spacing: 0px; -webkit-text-stroke-width: 0px;\" title=\"Parchment\">parchment</a><span style=\"background-color:#ffffff; color:#222222; font-family:sans-serif; font-size:14px\">,&nbsp;</span><a href=\"https://en.wikipedia.org/wiki/Vellum\" style=\"text-decoration: none; color: rgb(11, 0, 128); background: none rgb(255, 255, 255); font-family: sans-serif; font-size: 14px; font-style: normal; font-variant-ligatures: normal; font-variant-caps: normal; font-weight: 400; letter-spacing: normal; orphans: 2; text-align: start; text-indent: 0px; text-transform: none; white-space: normal; widows: 2; word-spacing: 0px; -webkit-text-stroke-width: 0px;\" title=\"Vellum\">vellum</a><span style=\"background-color:#ffffff; color:#222222; font-family:sans-serif; font-size:14px\">,&nbsp;</span><a href=\"https://en.wikipedia.org/wiki/Papyrus\" style=\"text-decoration: none; color: rgb(11, 0, 128); background: none rgb(255, 255, 255); font-family: sans-serif; font-size: 14px; font-style: normal; font-variant-ligatures: normal; font-variant-caps: normal; font-weight: 400; letter-spacing: normal; orphans: 2; text-align: start; text-indent: 0px; text-transform: none; white-space: normal; widows: 2; word-spacing: 0px; -webkit-text-stroke-width: 0px;\" title=\"Papyrus\">papyrus</a><span style=\"background-color:#ffffff; color:#222222; font-family:sans-serif; font-size:14px\">,&nbsp;</span><a href=\"https://en.wikipedia.org/wiki/Bamboo\" style=\"text-decoration: none; color: rgb(11, 0, 128); background: none rgb(255, 255, 255); font-family: sans-serif; font-size: 14px; font-style: normal; font-variant-ligatures: normal; font-variant-caps: normal; font-weight: 400; letter-spacing: normal; orphans: 2; text-align: start; text-indent: 0px; text-transform: none; white-space: normal; widows: 2; word-spacing: 0px; -webkit-text-stroke-width: 0px;\" title=\"Bamboo\">bamboo slips</a><span style=\"background-color:#ffffff; color:#222222; font-family:sans-serif; font-size:14px\">,&nbsp;</span><a href=\"https://en.wikipedia.org/wiki/Palm-leaf_manuscript\" style=\"text-decoration: none; color: rgb(11, 0, 128); background: none rgb(255, 255, 255); font-family: sans-serif; font-size: 14px; font-style: normal; font-variant-ligatures: normal; font-variant-caps: normal; font-weight: 400; letter-spacing: normal; orphans: 2; text-align: start; text-indent: 0px; text-transform: none; white-space: normal; widows: 2; word-spacing: 0px; -webkit-text-stroke-width: 0px;\" title=\"Palm-leaf manuscript\">palm leaves</a><span style=\"background-color:#ffffff; color:#222222; font-family:sans-serif; font-size:14px\">,&nbsp;</span><a href=\"https://en.wikipedia.org/wiki/Silk\" style=\"text-decoration: none; color: rgb(11, 0, 128); background: none rgb(255, 255, 255); font-family: sans-serif; font-size: 14px; font-style: normal; font-variant-ligatures: normal; font-variant-caps: normal; font-weight: 400; letter-spacing: normal; orphans: 2; text-align: start; text-indent: 0px; text-transform: none; white-space: normal; widows: 2; word-spacing: 0px; -webkit-text-stroke-width: 0px;\" title=\"Silk\">silk</a><span style=\"background-color:#ffffff; color:#222222; font-family:sans-serif; font-size:14px\">,&nbsp;</span><a href=\"https://en.wikipedia.org/wiki/Wood\" style=\"text-decoration: none; color: rgb(11, 0, 128); background: none rgb(255, 255, 255); font-family: sans-serif; font-size: 14px; font-style: normal; font-variant-ligatures: normal; font-variant-caps: normal; font-weight: 400; letter-spacing: normal; orphans: 2; text-align: start; text-indent: 0px; text-transform: none; white-space: normal; widows: 2; word-spacing: 0px; -webkit-text-stroke-width: 0px;\" title=\"Wood\">wood</a><span style=\"background-color:#ffffff; color:#222222; font-family:sans-serif; font-size:14px\">, and other materials.</span><sup><a href=\"https://en.wikipedia.org/wiki/Book#cite_note-1\" style=\"text-decoration: none; color: rgb(11, 0, 128); background: none;\">[1]</a></sup> <span style=\"background-color:#ffffff; color:#222222; font-family:sans-serif; font-size:14px\">A&nbsp;</span><strong>book</strong><span style=\"background-color:#ffffff; color:#222222; font-family:sans-serif; font-size:14px\">&nbsp;is a series of pages assembled for easy portability and reading, as well as the composition contained in it. The book&#39;s most common modern form is that of a&nbsp;</span><a href=\"https://en.wikipedia.org/wiki/Codex\" style=\"text-decoration: none; color: rgb(11, 0, 128); background: none rgb(255, 255, 255); font-family: sans-serif; font-size: 14px; font-style: normal; font-variant-ligatures: normal; font-variant-caps: normal; font-weight: 400; letter-spacing: normal; orphans: 2; text-align: start; text-indent: 0px; text-transform: none; white-space: normal; widows: 2; word-spacing: 0px; -webkit-text-stroke-width: 0px;\" title=\"Codex\">codex</a><span style=\"background-color:#ffffff; color:#222222; font-family:sans-serif; font-size:14px\">&nbsp;volume consisting of rectangular&nbsp;</span><a href=\"https://en.wikipedia.org/wiki/Paper\" style=\"text-decoration: none; color: rgb(11, 0, 128); background: none rgb(255, 255, 255); font-family: sans-serif; font-size: 14px; font-style: normal; font-variant-ligatures: normal; font-variant-caps: normal; font-weight: 400; letter-spacing: normal; orphans: 2; text-align: start; text-indent: 0px; text-transform: none; white-space: normal; widows: 2; word-spacing: 0px; -webkit-text-stroke-width: 0px;\" title=\"Paper\">paper</a><span style=\"background-color:#ffffff; color:#222222; font-family:sans-serif; font-size:14px\">&nbsp;</span><a href=\"https://en.wikipedia.org/wiki/Page_(paper)\" style=\"text-decoration: none; color: rgb(11, 0, 128); background: none rgb(255, 255, 255); font-family: sans-serif; font-size: 14px; font-style: normal; font-variant-ligatures: normal; font-variant-caps: normal; font-weight: 400; letter-spacing: normal; orphans: 2; text-align: start; text-indent: 0px; text-transform: none; white-space: normal; widows: 2; word-spacing: 0px; -webkit-text-stroke-width: 0px;\" title=\"Page (paper)\">pages</a><span style=\"background-color:#ffffff; color:#222222; font-family:sans-serif; font-size:14px\">&nbsp;</span><a href=\"https://en.wikipedia.org/wiki/Bookbinding\" style=\"text-decoration: none; color: rgb(11, 0, 128); background: none rgb(255, 255, 255); font-family: sans-serif; font-size: 14px; font-style: normal; font-variant-ligatures: normal; font-variant-caps: normal; font-weight: 400; letter-spacing: normal; orphans: 2; text-align: start; text-indent: 0px; text-transform: none; white-space: normal; widows: 2; word-spacing: 0px; -webkit-text-stroke-width: 0px;\" title=\"Bookbinding\">bound</a><span style=\"background-color:#ffffff; color:#222222; font-family:sans-serif; font-size:14px\">&nbsp;on one side, with a heavier&nbsp;</span><a href=\"https://en.wikipedia.org/wiki/Book_cover\" style=\"text-decoration: none; color: rgb(11, 0, 128); background: none rgb(255, 255, 255); font-family: sans-serif; font-size: 14px; font-style: normal; font-variant-ligatures: normal; font-variant-caps: normal; font-weight: 400; letter-spacing: normal; orphans: 2; text-align: start; text-indent: 0px; text-transform: none; white-space: normal; widows: 2; word-spacing: 0px; -webkit-text-stroke-width: 0px;\" title=\"Book cover\">cover</a><span style=\"background-color:#ffffff; color:#222222; font-family:sans-serif; font-size:14px\">&nbsp;and spine, so that it can fan open for reading. Books have taken other forms, such as&nbsp;</span><a href=\"https://en.wikipedia.org/wiki/Scroll\" style=\"text-decoration: none; color: rgb(11, 0, 128); background: none rgb(255, 255, 255); font-family: sans-serif; font-size: 14px; font-style: normal; font-variant-ligatures: normal; font-variant-caps: normal; font-weight: 400; letter-spacing: normal; orphans: 2; text-align: start; text-indent: 0px; text-transform: none; white-space: normal; widows: 2; word-spacing: 0px; -webkit-text-stroke-width: 0px;\" title=\"Scroll\">scrolls</a><span style=\"background-color:#ffffff; color:#222222; font-family:sans-serif; font-size:14px\">, leaves on a string, or strips tied together; and the pages have been of&nbsp;</span><a href=\"https://en.wikipedia.org/wiki/Parchment\" style=\"text-decoration: none; color: rgb(11, 0, 128); background: none rgb(255, 255, 255); font-family: sans-serif; font-size: 14px; font-style: normal; font-variant-ligatures: normal; font-variant-caps: normal; font-weight: 400; letter-spacing: normal; orphans: 2; text-align: start; text-indent: 0px; text-transform: none; white-space: normal; widows: 2; word-spacing: 0px; -webkit-text-stroke-width: 0px;\" title=\"Parchment\">parchment</a><span style=\"background-color:#ffffff; color:#222222; font-family:sans-serif; font-size:14px\">,&nbsp;</span><a href=\"https://en.wikipedia.org/wiki/Vellum\" style=\"text-decoration: none; color: rgb(11, 0, 128); background: none rgb(255, 255, 255); font-family: sans-serif; font-size: 14px; font-style: normal; font-variant-ligatures: normal; font-variant-caps: normal; font-weight: 400; letter-spacing: normal; orphans: 2; text-align: start; text-indent: 0px; text-transform: none; white-space: normal; widows: 2; word-spacing: 0px; -webkit-text-stroke-width: 0px;\" title=\"Vellum\">vellum</a><span style=\"background-color:#ffffff; color:#222222; font-family:sans-serif; font-size:14px\">,&nbsp;</span><a href=\"https://en.wikipedia.org/wiki/Papyrus\" style=\"text-decoration: none; color: rgb(11, 0, 128); background: none rgb(255, 255, 255); font-family: sans-serif; font-size: 14px; font-style: normal; font-variant-ligatures: normal; font-variant-caps: normal; font-weight: 400; letter-spacing: normal; orphans: 2; text-align: start; text-indent: 0px; text-transform: none; white-space: normal; widows: 2; word-spacing: 0px; -webkit-text-stroke-width: 0px;\" title=\"Papyrus\">papyrus</a><span style=\"background-color:#ffffff; color:#222222; font-family:sans-serif; font-size:14px\">,&nbsp;</span><a href=\"https://en.wikipedia.org/wiki/Bamboo\" style=\"text-decoration: none; color: rgb(11, 0, 128); background: none rgb(255, 255, 255); font-family: sans-serif; font-size: 14px; font-style: normal; font-variant-ligatures: normal; font-variant-caps: normal; font-weight: 400; letter-spacing: normal; orphans: 2; text-align: start; text-indent: 0px; text-transform: none; white-space: normal; widows: 2; word-spacing: 0px; -webkit-text-stroke-width: 0px;\" title=\"Bamboo\">bamboo slips</a><span style=\"background-color:#ffffff; color:#222222; font-family:sans-serif; font-size:14px\">,&nbsp;</span><a href=\"https://en.wikipedia.org/wiki/Palm-leaf_manuscript\" style=\"text-decoration: none; color: rgb(11, 0, 128); background: none rgb(255, 255, 255); font-family: sans-serif; font-size: 14px; font-style: normal; font-variant-ligatures: normal; font-variant-caps: normal; font-weight: 400; letter-spacing: normal; orphans: 2; text-align: start; text-indent: 0px; text-transform: none; white-space: normal; widows: 2; word-spacing: 0px; -webkit-text-stroke-width: 0px;\" title=\"Palm-leaf manuscript\">palm leaves</a><span style=\"background-color:#ffffff; color:#222222; font-family:sans-serif; font-size:14px\">,&nbsp;</span><a href=\"https://en.wikipedia.org/wiki/Silk\" style=\"text-decoration: none; color: rgb(11, 0, 128); background: none rgb(255, 255, 255); font-family: sans-serif; font-size: 14px; font-style: normal; font-variant-ligatures: normal; font-variant-caps: normal; font-weight: 400; letter-spacing: normal; orphans: 2; text-align: start; text-indent: 0px; text-transform: none; white-space: normal; widows: 2; word-spacing: 0px; -webkit-text-stroke-width: 0px;\" title=\"Silk\">silk</a><span style=\"background-color:#ffffff; color:#222222; font-family:sans-serif; font-size:14px\">,&nbsp;</span><a href=\"https://en.wikipedia.org/wiki/Wood\" style=\"text-decoration: none; color: rgb(11, 0, 128); background: none rgb(255, 255, 255); font-family: sans-serif; font-size: 14px; font-style: normal; font-variant-ligatures: normal; font-variant-caps: normal; font-weight: 400; letter-spacing: normal; orphans: 2; text-align: start; text-indent: 0px; text-transform: none; white-space: normal; widows: 2; word-spacing: 0px; -webkit-text-stroke-width: 0px;\" title=\"Wood\">wood</a><span style=\"background-color:#ffffff; color:#222222; font-family:sans-serif; font-size:14px\">, and other materials.</span><sup><a href=\"https://en.wikipedia.org/wiki/Book#cite_note-1\" style=\"text-decoration: none; color: rgb(11, 0, 128); background: none;\">[1]</a></sup> <span style=\"background-color:#ffffff; color:#222222; font-family:sans-serif; font-size:14px\">A&nbsp;</span><strong>book</strong><span style=\"background-color:#ffffff; color:#222222; font-family:sans-serif; font-size:14px\">&nbsp;is a series of pages assembled for easy portability and reading, as well as the composition contained in it. The book&#39;s most common modern form is that of a&nbsp;</span><a href=\"https://en.wikipedia.org/wiki/Codex\" style=\"text-decoration: none; color: rgb(11, 0, 128); background: none rgb(255, 255, 255); font-family: sans-serif; font-size: 14px; font-style: normal; font-variant-ligatures: normal; font-variant-caps: normal; font-weight: 400; letter-spacing: normal; orphans: 2; text-align: start; text-indent: 0px; text-transform: none; white-space: normal; widows: 2; word-spacing: 0px; -webkit-text-stroke-width: 0px;\" title=\"Codex\">codex</a><span style=\"background-color:#ffffff; color:#222222; font-family:sans-serif; font-size:14px\">&nbsp;volume consisting of rectangular&nbsp;</span><a href=\"https://en.wikipedia.org/wiki/Paper\" style=\"text-decoration: none; color: rgb(11, 0, 128); background: none rgb(255, 255, 255); font-family: sans-serif; font-size: 14px; font-style: normal; font-variant-ligatures: normal; font-variant-caps: normal; font-weight: 400; letter-spacing: normal; orphans: 2; text-align: start; text-indent: 0px; text-transform: none; white-space: normal; widows: 2; word-spacing: 0px; -webkit-text-stroke-width: 0px;\" title=\"Paper\">paper</a><span style=\"background-color:#ffffff; color:#222222; font-family:sans-serif; font-size:14px\">&nbsp;</span><a href=\"https://en.wikipedia.org/wiki/Page_(paper)\" style=\"text-decoration: none; color: rgb(11, 0, 128); background: none rgb(255, 255, 255); font-family: sans-serif; font-size: 14px; font-style: normal; font-variant-ligatures: normal; font-variant-caps: normal; font-weight: 400; letter-spacing: normal; orphans: 2; text-align: start; text-indent: 0px; text-transform: none; white-space: normal; widows: 2; word-spacing: 0px; -webkit-text-stroke-width: 0px;\" title=\"Page (paper)\">pages</a><span style=\"background-color:#ffffff; color:#222222; font-family:sans-serif; font-size:14px\">&nbsp;</span><a href=\"https://en.wikipedia.org/wiki/Bookbinding\" style=\"text-decoration: none; color: rgb(11, 0, 128); background: none rgb(255, 255, 255); font-family: sans-serif; font-size: 14px; font-style: normal; font-variant-ligatures: normal; font-variant-caps: normal; font-weight: 400; letter-spacing: normal; orphans: 2; text-align: start; text-indent: 0px; text-transform: none; white-space: normal; widows: 2; word-spacing: 0px; -webkit-text-stroke-width: 0px;\" title=\"Bookbinding\">bound</a><span style=\"background-color:#ffffff; color:#222222; font-family:sans-serif; font-size:14px\">&nbsp;on one side, with a heavier&nbsp;</span><a href=\"https://en.wikipedia.org/wiki/Book_cover\" style=\"text-decoration: none; color: rgb(11, 0, 128); background: none rgb(255, 255, 255); font-family: sans-serif; font-size: 14px; font-style: normal; font-variant-ligatures: normal; font-variant-caps: normal; font-weight: 400; letter-spacing: normal; orphans: 2; text-align: start; text-indent: 0px; text-transform: none; white-space: normal; widows: 2; word-spacing: 0px; -webkit-text-stroke-width: 0px;\" title=\"Book cover\">cover</a><span style=\"background-color:#ffffff; color:#222222; font-family:sans-serif; font-size:14px\">&nbsp;and spine, so that it can fan open for reading. Books have taken other forms, such as&nbsp;</span><a href=\"https://en.wikipedia.org/wiki/Scroll\" style=\"text-decoration: none; color: rgb(11, 0, 128); background: none rgb(255, 255, 255); font-family: sans-serif; font-size: 14px; font-style: normal; font-variant-ligatures: normal; font-variant-caps: normal; font-weight: 400; letter-spacing: normal; orphans: 2; text-align: start; text-indent: 0px; text-transform: none; white-space: normal; widows: 2; word-spacing: 0px; -webkit-text-stroke-width: 0px;\" title=\"Scroll\">scrolls</a><span style=\"background-color:#ffffff; color:#222222; font-family:sans-serif; font-size:14px\">, leaves on a string, or strips tied together; and the pages have been of&nbsp;</span><a href=\"https://en.wikipedia.org/wiki/Parchment\" style=\"text-decoration: none; color: rgb(11, 0, 128); background: none rgb(255, 255, 255); font-family: sans-serif; font-size: 14px; font-style: normal; font-variant-ligatures: normal; font-variant-caps: normal; font-weight: 400; letter-spacing: normal; orphans: 2; text-align: start; text-indent: 0px; text-transform: none; white-space: normal; widows: 2; word-spacing: 0px; -webkit-text-stroke-width: 0px;\" title=\"Parchment\">parchment</a><span style=\"background-color:#ffffff; color:#222222; font-family:sans-serif; font-size:14px\">,&nbsp;</span><a href=\"https://en.wikipedia.org/wiki/Vellum\" style=\"text-decoration: none; color: rgb(11, 0, 128); background: none rgb(255, 255, 255); font-family: sans-serif; font-size: 14px; font-style: normal; font-variant-ligatures: normal; font-variant-caps: normal; font-weight: 400; letter-spacing: normal; orphans: 2; text-align: start; text-indent: 0px; text-transform: none; white-space: normal; widows: 2; word-spacing: 0px; -webkit-text-stroke-width: 0px;\" title=\"Vellum\">vellum</a><span style=\"background-color:#ffffff; color:#222222; font-family:sans-serif; font-size:14px\">,&nbsp;</span><a href=\"https://en.wikipedia.org/wiki/Papyrus\" style=\"text-decoration: none; color: rgb(11, 0, 128); background: none rgb(255, 255, 255); font-family: sans-serif; font-size: 14px; font-style: normal; font-variant-ligatures: normal; font-variant-caps: normal; font-weight: 400; letter-spacing: normal; orphans: 2; text-align: start; text-indent: 0px; text-transform: none; white-space: normal; widows: 2; word-spacing: 0px; -webkit-text-stroke-width: 0px;\" title=\"Papyrus\">papyrus</a><span style=\"background-color:#ffffff; color:#222222; font-family:sans-serif; font-size:14px\">,&nbsp;</span><a href=\"https://en.wikipedia.org/wiki/Bamboo\" style=\"text-decoration: none; color: rgb(11, 0, 128); background: none rgb(255, 255, 255); font-family: sans-serif; font-size: 14px; font-style: normal; font-variant-ligatures: normal; font-variant-caps: normal; font-weight: 400; letter-spacing: normal; orphans: 2; text-align: start; text-indent: 0px; text-transform: none; white-space: normal; widows: 2; word-spacing: 0px; -webkit-text-stroke-width: 0px;\" title=\"Bamboo\">bamboo slips</a><span style=\"background-color:#ffffff; color:#222222; font-family:sans-serif; font-size:14px\">,&nbsp;</span><a href=\"https://en.wikipedia.org/wiki/Palm-leaf_manuscript\" style=\"text-decoration: none; color: rgb(11, 0, 128); background: none rgb(255, 255, 255); font-family: sans-serif; font-size: 14px; font-style: normal; font-variant-ligatures: normal; font-variant-caps: normal; font-weight: 400; letter-spacing: normal; orphans: 2; text-align: start; text-indent: 0px; text-transform: none; white-space: normal; widows: 2; word-spacing: 0px; -webkit-text-stroke-width: 0px;\" title=\"Palm-leaf manuscript\">palm leaves</a><span style=\"background-color:#ffffff; color:#222222; font-family:sans-serif; font-size:14px\">,&nbsp;</span><a href=\"https://en.wikipedia.org/wiki/Silk\" style=\"text-decoration: none; color: rgb(11, 0, 128); background: none rgb(255, 255, 255); font-family: sans-serif; font-size: 14px; font-style: normal; font-variant-ligatures: normal; font-variant-caps: normal; font-weight: 400; letter-spacing: normal; orphans: 2; text-align: start; text-indent: 0px; text-transform: none; white-space: normal; widows: 2; word-spacing: 0px; -webkit-text-stroke-width: 0px;\" title=\"Silk\">silk</a><span style=\"background-color:#ffffff; color:#222222; font-family:sans-serif; font-size:14px\">,&nbsp;</span><a href=\"https://en.wikipedia.org/wiki/Wood\" style=\"text-decoration: none; color: rgb(11, 0, 128); background: none rgb(255, 255, 255); font-family: sans-serif; font-size: 14px; font-style: normal; font-variant-ligatures: normal; font-variant-caps: normal; font-weight: 400; letter-spacing: normal; orphans: 2; text-align: start; text-indent: 0px; text-transform: none; white-space: normal; widows: 2; word-spacing: 0px; -webkit-text-stroke-width: 0px;\" title=\"Wood\">wood</a><span style=\"background-color:#ffffff; color:#222222; font-family:sans-serif; font-size:14px\">, and other materials.</span><sup><a href=\"https://en.wikipedia.org/wiki/Book#cite_note-1\" style=\"text-decoration: none; color: rgb(11, 0, 128); background: none;\">[1]</a></sup> <span style=\"background-color:#ffffff; color:#222222; font-family:sans-serif; font-size:14px\">A&nbsp;</span><strong>book</strong><span style=\"background-color:#ffffff; color:#222222; font-family:sans-serif; font-size:14px\">&nbsp;is a series of pages assembled for easy portability and reading, as well as the composition contained in it. The book&#39;s most common modern form is that of a&nbsp;</span><a href=\"https://en.wikipedia.org/wiki/Codex\" style=\"text-decoration: none; color: rgb(11, 0, 128); background: none rgb(255, 255, 255); font-family: sans-serif; font-size: 14px; font-style: normal; font-variant-ligatures: normal; font-variant-caps: normal; font-weight: 400; letter-spacing: normal; orphans: 2; text-align: start; text-indent: 0px; text-transform: none; white-space: normal; widows: 2; word-spacing: 0px; -webkit-text-stroke-width: 0px;\" title=\"Codex\">codex</a><span style=\"background-color:#ffffff; color:#222222; font-family:sans-serif; font-size:14px\">&nbsp;volume consisting of rectangular&nbsp;</span><a href=\"https://en.wikipedia.org/wiki/Paper\" style=\"text-decoration: none; color: rgb(11, 0, 128); background: none rgb(255, 255, 255); font-family: sans-serif; font-size: 14px; font-style: normal; font-variant-ligatures: normal; font-variant-caps: normal; font-weight: 400; letter-spacing: normal; orphans: 2; text-align: start; text-indent: 0px; text-transform: none; white-space: normal; widows: 2; word-spacing: 0px; -webkit-text-stroke-width: 0px;\" title=\"Paper\">paper</a><span style=\"background-color:#ffffff; color:#222222; font-family:sans-serif; font-size:14px\">&nbsp;</span><a href=\"https://en.wikipedia.org/wiki/Page_(paper)\" style=\"text-decoration: none; color: rgb(11, 0, 128); background: none rgb(255, 255, 255); font-family: sans-serif; font-size: 14px; font-style: normal; font-variant-ligatures: normal; font-variant-caps: normal; font-weight: 400; letter-spacing: normal; orphans: 2; text-align: start; text-indent: 0px; text-transform: none; white-space: normal; widows: 2; word-spacing: 0px; -webkit-text-stroke-width: 0px;\" title=\"Page (paper)\">pages</a><span style=\"background-color:#ffffff; color:#222222; font-family:sans-serif; font-size:14px\">&nbsp;</span><a href=\"https://en.wikipedia.org/wiki/Bookbinding\" style=\"text-decoration: none; color: rgb(11, 0, 128); background: none rgb(255, 255, 255); font-family: sans-serif; font-size: 14px; font-style: normal; font-variant-ligatures: normal; font-variant-caps: normal; font-weight: 400; letter-spacing: normal; orphans: 2; text-align: start; text-indent: 0px; text-transform: none; white-space: normal; widows: 2; word-spacing: 0px; -webkit-text-stroke-width: 0px;\" title=\"Bookbinding\">bound</a><span style=\"background-color:#ffffff; color:#222222; font-family:sans-serif; font-size:14px\">&nbsp;on one side, with a heavier&nbsp;</span><a href=\"https://en.wikipedia.org/wiki/Book_cover\" style=\"text-decoration: none; color: rgb(11, 0, 128); background: none rgb(255, 255, 255); font-family: sans-serif; font-size: 14px; font-style: normal; font-variant-ligatures: normal; font-variant-caps: normal; font-weight: 400; letter-spacing: normal; orphans: 2; text-align: start; text-indent: 0px; text-transform: none; white-space: normal; widows: 2; word-spacing: 0px; -webkit-text-stroke-width: 0px;\" title=\"Book cover\">cover</a><span style=\"background-color:#ffffff; color:#222222; font-family:sans-serif; font-size:14px\">&nbsp;and spine, so that it can fan open for reading. Books have taken other forms, such as&nbsp;</span><a href=\"https://en.wikipedia.org/wiki/Scroll\" style=\"text-decoration: none; color: rgb(11, 0, 128); background: none rgb(255, 255, 255); font-family: sans-serif; font-size: 14px; font-style: normal; font-variant-ligatures: normal; font-variant-caps: normal; font-weight: 400; letter-spacing: normal; orphans: 2; text-align: start; text-indent: 0px; text-transform: none; white-space: normal; widows: 2; word-spacing: 0px; -webkit-text-stroke-width: 0px;\" title=\"Scroll\">scrolls</a><span style=\"background-color:#ffffff; color:#222222; font-family:sans-serif; font-size:14px\">, leaves on a string, or strips tied together; and the pages have been of&nbsp;</span><a href=\"https://en.wikipedia.org/wiki/Parchment\" style=\"text-decoration: none; color: rgb(11, 0, 128); background: none rgb(255, 255, 255); font-family: sans-serif; font-size: 14px; font-style: normal; font-variant-ligatures: normal; font-variant-caps: normal; font-weight: 400; letter-spacing: normal; orphans: 2; text-align: start; text-indent: 0px; text-transform: none; white-space: normal; widows: 2; word-spacing: 0px; -webkit-text-stroke-width: 0px;\" title=\"Parchment\">parchment</a><span style=\"background-color:#ffffff; color:#222222; font-family:sans-serif; font-size:14px\">,&nbsp;</span><a href=\"https://en.wikipedia.org/wiki/Vellum\" style=\"text-decoration: none; color: rgb(11, 0, 128); background: none rgb(255, 255, 255); font-family: sans-serif; font-size: 14px; font-style: normal; font-variant-ligatures: normal; font-variant-caps: normal; font-weight: 400; letter-spacing: normal; orphans: 2; text-align: start; text-indent: 0px; text-transform: none; white-space: normal; widows: 2; word-spacing: 0px; -webkit-text-stroke-width: 0px;\" title=\"Vellum\">vellum</a><span style=\"background-color:#ffffff; color:#222222; font-family:sans-serif; font-size:14px\">,&nbsp;</span><a href=\"https://en.wikipedia.org/wiki/Papyrus\" style=\"text-decoration: none; color: rgb(11, 0, 128); background: none rgb(255, 255, 255); font-family: sans-serif; font-size: 14px; font-style: normal; font-variant-ligatures: normal; font-variant-caps: normal; font-weight: 400; letter-spacing: normal; orphans: 2; text-align: start; text-indent: 0px; text-transform: none; white-space: normal; widows: 2; word-spacing: 0px; -webkit-text-stroke-width: 0px;\" title=\"Papyrus\">papyrus</a><span style=\"background-color:#ffffff; color:#222222; font-family:sans-serif; font-size:14px\">,&nbsp;</span><a href=\"https://en.wikipedia.org/wiki/Bamboo\" style=\"text-decoration: none; color: rgb(11, 0, 128); background: none rgb(255, 255, 255); font-family: sans-serif; font-size: 14px; font-style: normal; font-variant-ligatures: normal; font-variant-caps: normal; font-weight: 400; letter-spacing: normal; orphans: 2; text-align: start; text-indent: 0px; text-transform: none; white-space: normal; widows: 2; word-spacing: 0px; -webkit-text-stroke-width: 0px;\" title=\"Bamboo\">bamboo slips</a><span style=\"background-color:#ffffff; color:#222222; font-family:sans-serif; font-size:14px\">,&nbsp;</span><a href=\"https://en.wikipedia.org/wiki/Palm-leaf_manuscript\" style=\"text-decoration: none; color: rgb(11, 0, 128); background: none rgb(255, 255, 255); font-family: sans-serif; font-size: 14px; font-style: normal; font-variant-ligatures: normal; font-variant-caps: normal; font-weight: 400; letter-spacing: normal; orphans: 2; text-align: start; text-indent: 0px; text-transform: none; white-space: normal; widows: 2; word-spacing: 0px; -webkit-text-stroke-width: 0px;\" title=\"Palm-leaf manuscript\">palm leaves</a><span style=\"background-color:#ffffff; color:#222222; font-family:sans-serif; font-size:14px\">,&nbsp;</span><a href=\"https://en.wikipedia.org/wiki/Silk\" style=\"text-decoration: none; color: rgb(11, 0, 128); background: none rgb(255, 255, 255); font-family: sans-serif; font-size: 14px; font-style: normal; font-variant-ligatures: normal; font-variant-caps: normal; font-weight: 400; letter-spacing: normal; orphans: 2; text-align: start; text-indent: 0px; text-transform: none; white-space: normal; widows: 2; word-spacing: 0px; -webkit-text-stroke-width: 0px;\" title=\"Silk\">silk</a><span style=\"background-color:#ffffff; color:#222222; font-family:sans-serif; font-size:14px\">,&nbsp;</span><a href=\"https://en.wikipedia.org/wiki/Wood\" style=\"text-decoration: none; color: rgb(11, 0, 128); background: none rgb(255, 255, 255); font-family: sans-serif; font-size: 14px; font-style: normal; font-variant-ligatures: normal; font-variant-caps: normal; font-weight: 400; letter-spacing: normal; orphans: 2; text-align: start; text-indent: 0px; text-transform: none; white-space: normal; widows: 2; word-spacing: 0px; -webkit-text-stroke-width: 0px;\" title=\"Wood\">wood</a><span style=\"background-color:#ffffff; color:#222222; font-family:sans-serif; font-size:14px\">, and other materials.</span><sup><a href=\"https://en.wikipedia.org/wiki/Book#cite_note-1\" style=\"text-decoration: none; color: rgb(11, 0, 128); background: none;\">[1]</a></sup> <span style=\"background-color:#ffffff; color:#222222; font-family:sans-serif; font-size:14px\">A&nbsp;</span><strong>book</strong><span style=\"background-color:#ffffff; color:#222222; font-family:sans-serif; font-size:14px\">&nbsp;is a series of pages assembled for easy portability and reading, as well as the composition contained in it. The book&#39;s most common modern form is that of a&nbsp;</span><a href=\"https://en.wikipedia.org/wiki/Codex\" style=\"text-decoration: none; color: rgb(11, 0, 128); background: none rgb(255, 255, 255); font-family: sans-serif; font-size: 14px; font-style: normal; font-variant-ligatures: normal; font-variant-caps: normal; font-weight: 400; letter-spacing: normal; orphans: 2; text-align: start; text-indent: 0px; text-transform: none; white-space: normal; widows: 2; word-spacing: 0px; -webkit-text-stroke-width: 0px;\" title=\"Codex\">codex</a><span style=\"background-color:#ffffff; color:#222222; font-family:sans-serif; font-size:14px\">&nbsp;volume consisting of rectangular&nbsp;</span><a href=\"https://en.wikipedia.org/wiki/Paper\" style=\"text-decoration: none; color: rgb(11, 0, 128); background: none rgb(255, 255, 255); font-family: sans-serif; font-size: 14px; font-style: normal; font-variant-ligatures: normal; font-variant-caps: normal; font-weight: 400; letter-spacing: normal; orphans: 2; text-align: start; text-indent: 0px; text-transform: none; white-space: normal; widows: 2; word-spacing: 0px; -webkit-text-stroke-width: 0px;\" title=\"Paper\">paper</a><span style=\"background-color:#ffffff; color:#222222; font-family:sans-serif; font-size:14px\">&nbsp;</span><a href=\"https://en.wikipedia.org/wiki/Page_(paper)\" style=\"text-decoration: none; color: rgb(11, 0, 128); background: none rgb(255, 255, 255); font-family: sans-serif; font-size: 14px; font-style: normal; font-variant-ligatures: normal; font-variant-caps: normal; font-weight: 400; letter-spacing: normal; orphans: 2; text-align: start; text-indent: 0px; text-transform: none; white-space: normal; widows: 2; word-spacing: 0px; -webkit-text-stroke-width: 0px;\" title=\"Page (paper)\">pages</a><span style=\"background-color:#ffffff; color:#222222; font-family:sans-serif; font-size:14px\">&nbsp;</span><a href=\"https://en.wikipedia.org/wiki/Bookbinding\" style=\"text-decoration: none; color: rgb(11, 0, 128); background: none rgb(255, 255, 255); font-family: sans-serif; font-size: 14px; font-style: normal; font-variant-ligatures: normal; font-variant-caps: normal; font-weight: 400; letter-spacing: normal; orphans: 2; text-align: start; text-indent: 0px; text-transform: none; white-space: normal; widows: 2; word-spacing: 0px; -webkit-text-stroke-width: 0px;\" title=\"Bookbinding\">bound</a><span style=\"background-color:#ffffff; color:#222222; font-family:sans-serif; font-size:14px\">&nbsp;on one side, with a heavier&nbsp;</span><a href=\"https://en.wikipedia.org/wiki/Book_cover\" style=\"text-decoration: none; color: rgb(11, 0, 128); background: none rgb(255, 255, 255); font-family: sans-serif; font-size: 14px; font-style: normal; font-variant-ligatures: normal; font-variant-caps: normal; font-weight: 400; letter-spacing: normal; orphans: 2; text-align: start; text-indent: 0px; text-transform: none; white-space: normal; widows: 2; word-spacing: 0px; -webkit-text-stroke-width: 0px;\" title=\"Book cover\">cover</a><span style=\"background-color:#ffffff; color:#222222; font-family:sans-serif; font-size:14px\">&nbsp;and spine, so that it can fan open for reading. Books have taken other forms, such as&nbsp;</span><a href=\"https://en.wikipedia.org/wiki/Scroll\" style=\"text-decoration: none; color: rgb(11, 0, 128); background: none rgb(255, 255, 255); font-family: sans-serif; font-size: 14px; font-style: normal; font-variant-ligatures: normal; font-variant-caps: normal; font-weight: 400; letter-spacing: normal; orphans: 2; text-align: start; text-indent: 0px; text-transform: none; white-space: normal; widows: 2; word-spacing: 0px; -webkit-text-stroke-width: 0px;\" title=\"Scroll\">scrolls</a><span style=\"background-color:#ffffff; color:#222222; font-family:sans-serif; font-size:14px\">, leaves on a string, or strips tied together; and the pages have been of&nbsp;</span><a href=\"https://en.wikipedia.org/wiki/Parchment\" style=\"text-decoration: none; color: rgb(11, 0, 128); background: none rgb(255, 255, 255); font-family: sans-serif; font-size: 14px; font-style: normal; font-variant-ligatures: normal; font-variant-caps: normal; font-weight: 400; letter-spacing: normal; orphans: 2; text-align: start; text-indent: 0px; text-transform: none; white-space: normal; widows: 2; word-spacing: 0px; -webkit-text-stroke-width: 0px;\" title=\"Parchment\">parchment</a><span style=\"background-color:#ffffff; color:#222222; font-family:sans-serif; font-size:14px\">,&nbsp;</span><a href=\"https://en.wikipedia.org/wiki/Vellum\" style=\"text-decoration: none; color: rgb(11, 0, 128); background: none rgb(255, 255, 255); font-family: sans-serif; font-size: 14px; font-style: normal; font-variant-ligatures: normal; font-variant-caps: normal; font-weight: 400; letter-spacing: normal; orphans: 2; text-align: start; text-indent: 0px; text-transform: none; white-space: normal; widows: 2; word-spacing: 0px; -webkit-text-stroke-width: 0px;\" title=\"Vellum\">vellum</a><span style=\"background-color:#ffffff; color:#222222; font-family:sans-serif; font-size:14px\">,&nbsp;</span><a href=\"https://en.wikipedia.org/wiki/Papyrus\" style=\"text-decoration: none; color: rgb(11, 0, 128); background: none rgb(255, 255, 255); font-family: sans-serif; font-size: 14px; font-style: normal; font-variant-ligatures: normal; font-variant-caps: normal; font-weight: 400; letter-spacing: normal; orphans: 2; text-align: start; text-indent: 0px; text-transform: none; white-space: normal; widows: 2; word-spacing: 0px; -webkit-text-stroke-width: 0px;\" title=\"Papyrus\">papyrus</a><span style=\"background-color:#ffffff; color:#222222; font-family:sans-serif; font-size:14px\">,&nbsp;</span><a href=\"https://en.wikipedia.org/wiki/Bamboo\" style=\"text-decoration: none; color: rgb(11, 0, 128); background: none rgb(255, 255, 255); font-family: sans-serif; font-size: 14px; font-style: normal; font-variant-ligatures: normal; font-variant-caps: normal; font-weight: 400; letter-spacing: normal; orphans: 2; text-align: start; text-indent: 0px; text-transform: none; white-space: normal; widows: 2; word-spacing: 0px; -webkit-text-stroke-width: 0px;\" title=\"Bamboo\">bamboo slips</a><span style=\"background-color:#ffffff; color:#222222; font-family:sans-serif; font-size:14px\">,&nbsp;</span><a href=\"https://en.wikipedia.org/wiki/Palm-leaf_manuscript\" style=\"text-decoration: none; color: rgb(11, 0, 128); background: none rgb(255, 255, 255); font-family: sans-serif; font-size: 14px; font-style: normal; font-variant-ligatures: normal; font-variant-caps: normal; font-weight: 400; letter-spacing: normal; orphans: 2; text-align: start; text-indent: 0px; text-transform: none; white-space: normal; widows: 2; word-spacing: 0px; -webkit-text-stroke-width: 0px;\" title=\"Palm-leaf manuscript\">palm leaves</a><span style=\"background-color:#ffffff; color:#222222; font-family:sans-serif; font-size:14px\">,&nbsp;</span><a href=\"https://en.wikipedia.org/wiki/Silk\" style=\"text-decoration: none; color: rgb(11, 0, 128); background: none rgb(255, 255, 255); font-family: sans-serif; font-size: 14px; font-style: normal; font-variant-ligatures: normal; font-variant-caps: normal; font-weight: 400; letter-spacing: normal; orphans: 2; text-align: start; text-indent: 0px; text-transform: none; white-space: normal; widows: 2; word-spacing: 0px; -webkit-text-stroke-width: 0px;\" title=\"Silk\">silk</a><span style=\"background-color:#ffffff; color:#222222; font-family:sans-serif; font-size:14px\">,&nbsp;</span><a href=\"https://en.wikipedia.org/wiki/Wood\" style=\"text-decoration: none; color: rgb(11, 0, 128); background: none rgb(255, 255, 255); font-family: sans-serif; font-size: 14px; font-style: normal; font-variant-ligatures: normal; font-variant-caps: normal; font-weight: 400; letter-spacing: normal; orphans: 2; text-align: start; text-indent: 0px; text-transform: none; white-space: normal; widows: 2; word-spacing: 0px; -webkit-text-stroke-width: 0px;\" title=\"Wood\">wood</a><span style=\"background-color:#ffffff; color:#222222; font-family:sans-serif; font-size:14px\">, and other materials.</span><sup><a href=\"https://en.wikipedia.org/wiki/Book#cite_note-1\" style=\"text-decoration: none; color: rgb(11, 0, 128); background: none;\">[1]</a></sup></p>', 'product-image/Book.jpg', 1, '2018-08-05 13:41:16', '2018-08-05 13:41:16'),
(21, 15, 7, 'Mashud', 100000.00, 1, 'Khaled Mashud is a Bangladeshi cricketer. A wicketkeeper and more than a useful middle order batsman, he was a regular member of the national team between 1995–2007. Wikipedia', '<p><span style=\"background-color:#ffffff; color:#222222; font-family:arial,sans-serif; font-size:small\">Khaled Mashud is a Bangladeshi cricketer. A wicketkeeper and more than a useful middle order batsman, he was a regular member of the national team between 1995&ndash;2007.&nbsp;<a class=\"q ruhjFe NJLBac fl\" href=\"https://en.wikipedia.org/wiki/Khaled_Mashud\" style=\"text-decoration: none; white-space: nowrap; color: rgb(26, 13, 171); cursor: pointer;\">Wikipedia</a></span> <span style=\"background-color:#ffffff; color:#222222; font-family:arial,sans-serif; font-size:small\">Khaled Mashud is a Bangladeshi cricketer. A wicketkeeper and more than a useful middle order batsman, he was a regular member of the national team between 1995&ndash;2007.&nbsp;<a class=\"q ruhjFe NJLBac fl\" href=\"https://en.wikipedia.org/wiki/Khaled_Mashud\" style=\"text-decoration: none; white-space: nowrap; color: rgb(26, 13, 171); cursor: pointer;\">Wikipedia</a></span> <span style=\"background-color:#ffffff; color:#222222; font-family:arial,sans-serif; font-size:small\">Khaled Mashud is a Bangladeshi cricketer. A wicketkeeper and more than a useful middle order batsman, he was a regular member of the national team between 1995&ndash;2007.&nbsp;<a class=\"q ruhjFe NJLBac fl\" href=\"https://en.wikipedia.org/wiki/Khaled_Mashud\" style=\"text-decoration: none; white-space: nowrap; color: rgb(26, 13, 171); cursor: pointer;\">Wikipedia</a></span> <span style=\"background-color:#ffffff; color:#222222; font-family:arial,sans-serif; font-size:small\">Khaled Mashud is a Bangladeshi cricketer. A wicketkeeper and more than a useful middle order batsman, he was a regular member of the national team between 1995&ndash;2007.&nbsp;<a class=\"q ruhjFe NJLBac fl\" href=\"https://en.wikipedia.org/wiki/Khaled_Mashud\" style=\"text-decoration: none; white-space: nowrap; color: rgb(26, 13, 171); cursor: pointer;\">Wikipedia</a></span> <span style=\"background-color:#ffffff; color:#222222; font-family:arial,sans-serif; font-size:small\">Khaled Mashud is a Bangladeshi cricketer. A wicketkeeper and more than a useful middle order batsman, he was a regular member of the national team between 1995&ndash;2007.&nbsp;<a class=\"q ruhjFe NJLBac fl\" href=\"https://en.wikipedia.org/wiki/Khaled_Mashud\" style=\"text-decoration: none; white-space: nowrap; color: rgb(26, 13, 171); cursor: pointer;\">Wikipedia</a></span> <span style=\"background-color:#ffffff; color:#222222; font-family:arial,sans-serif; font-size:small\">Khaled Mashud is a Bangladeshi cricketer. A wicketkeeper and more than a useful middle order batsman, he was a regular member of the national team between 1995&ndash;2007.&nbsp;<a class=\"q ruhjFe NJLBac fl\" href=\"https://en.wikipedia.org/wiki/Khaled_Mashud\" style=\"text-decoration: none; white-space: nowrap; color: rgb(26, 13, 171); cursor: pointer;\">Wikipedia</a></span> <span style=\"background-color:#ffffff; color:#222222; font-family:arial,sans-serif; font-size:small\">Khaled Mashud is a Bangladeshi cricketer. A wicketkeeper and more than a useful middle order batsman, he was a regular member of the national team between 1995&ndash;2007.</span><span style=\"background-color:#ffffff; color:#222222; font-family:arial,sans-serif; font-size:small\">&nbsp;<a class=\"q ruhjFe NJLBac fl\" href=\"https://en.wikipedia.org/wiki/Khaled_Mashud\" style=\"text-decoration: none; white-space: nowrap; color: rgb(26, 13, 171); cursor: pointer;\">Wikipedia</a></span></p>', 'product-image/Mashud.jpg', 1, '2018-08-05 13:42:28', '2018-08-05 13:42:36');
INSERT INTO `products` (`id`, `category_id`, `brand_id`, `product_name`, `product_prize`, `product_quantity`, `short_description`, `long_description`, `product_image`, `publication_status`, `created_at`, `updated_at`) VALUES
(22, 20, 8, 'Box', 100.00, 1, 'Box, Inc., based in Redwood City, California, is a cloud content management and file sharing service for businesses. Official clients and apps are available for Windows, macOS, and several mobile platforms. Box was founded in 2005. Wikipedia', '<p><span style=\"background-color:#ffffff; color:#222222; font-family:arial,sans-serif; font-size:small\">Box, Inc., based in Redwood City, California, is a cloud content management and file sharing service for businesses. Official clients and apps are available for Windows, macOS, and several mobile platforms. Box was founded in 2005.&nbsp;<a class=\"q ruhjFe NJLBac fl\" href=\"https://en.wikipedia.org/wiki/Box_(company)\" style=\"text-decoration: none; white-space: nowrap; color: rgb(26, 13, 171); cursor: pointer;\">Wikipedia</a></span> <span style=\"background-color:#ffffff; color:#222222; font-family:arial,sans-serif; font-size:small\">Box, Inc., based in Redwood City, California, is a cloud content management and file sharing service for businesses. Official clients and apps are available for Windows, macOS, and several mobile platforms. Box was founded in 2005.&nbsp;<a class=\"q ruhjFe NJLBac fl\" href=\"https://en.wikipedia.org/wiki/Box_(company)\" style=\"text-decoration: none; white-space: nowrap; color: rgb(26, 13, 171); cursor: pointer;\">Wikipedia</a></span> <span style=\"background-color:#ffffff; color:#222222; font-family:arial,sans-serif; font-size:small\">Box, Inc., based in Redwood City, California, is a cloud content management and file sharing service for businesses. Official clients and apps are available for Windows, macOS, and several mobile platforms. Box was founded in 2005.&nbsp;<a class=\"q ruhjFe NJLBac fl\" href=\"https://en.wikipedia.org/wiki/Box_(company)\" style=\"text-decoration: none; white-space: nowrap; color: rgb(26, 13, 171); cursor: pointer;\">Wikipedia</a></span> <span style=\"background-color:#ffffff; color:#222222; font-family:arial,sans-serif; font-size:small\">Box, Inc., based in Redwood City, California, is a cloud content management and file sharing service for businesses. Official clients and apps are available for Windows, macOS, and several mobile platforms. Box was founded in 2005.&nbsp;<a class=\"q ruhjFe NJLBac fl\" href=\"https://en.wikipedia.org/wiki/Box_(company)\" style=\"text-decoration: none; white-space: nowrap; color: rgb(26, 13, 171); cursor: pointer;\">Wikipedia</a></span> <span style=\"background-color:#ffffff; color:#222222; font-family:arial,sans-serif; font-size:small\">Box, Inc., based in Redwood City, California, is a cloud content management and file sharing service for businesses. Official clients and apps are available for Windows, macOS, and several mobile platforms. Box was founded in 2005.</span><span style=\"background-color:#ffffff; color:#222222; font-family:arial,sans-serif; font-size:small\">&nbsp;<a class=\"q ruhjFe NJLBac fl\" href=\"https://en.wikipedia.org/wiki/Box_(company)\" style=\"text-decoration: none; white-space: nowrap; color: rgb(26, 13, 171); cursor: pointer;\">Wikipedia</a></span></p>', 'product-image/Box.jpg', 1, '2018-08-06 02:15:50', '2018-08-06 02:15:50');

-- --------------------------------------------------------

--
-- Table structure for table `pryments`
--

CREATE TABLE `pryments` (
  `id` int(10) UNSIGNED NOT NULL,
  `order_id` int(11) NOT NULL,
  `payment_type` varchar(11) COLLATE utf8mb4_unicode_ci NOT NULL,
  `payment_status` varchar(255) COLLATE utf8mb4_unicode_ci NOT NULL DEFAULT 'pending',
  `created_at` timestamp NULL DEFAULT NULL,
  `updated_at` timestamp NULL DEFAULT NULL
) ENGINE=InnoDB DEFAULT CHARSET=utf8mb4 COLLATE=utf8mb4_unicode_ci;

--
-- Dumping data for table `pryments`
--

INSERT INTO `pryments` (`id`, `order_id`, `payment_type`, `payment_status`, `created_at`, `updated_at`) VALUES
(1, 4, 'cash', 'pending', '2018-08-09 14:42:47', '2018-08-09 14:42:47'),
(2, 5, 'cash', 'pending', '2018-08-09 14:43:58', '2018-08-09 14:43:58'),
(3, 6, 'cash', 'pending', '2018-08-10 12:25:47', '2018-08-10 12:25:47'),
(4, 7, 'cash', 'pending', '2018-08-13 10:31:13', '2018-08-13 10:31:13');

-- --------------------------------------------------------

--
-- Table structure for table `shippings`
--

CREATE TABLE `shippings` (
  `id` int(10) UNSIGNED NOT NULL,
  `first_name` varchar(255) COLLATE utf8mb4_unicode_ci NOT NULL,
  `email_address` varchar(255) COLLATE utf8mb4_unicode_ci NOT NULL,
  `phone_number` varchar(255) COLLATE utf8mb4_unicode_ci NOT NULL,
  `address` text COLLATE utf8mb4_unicode_ci NOT NULL,
  `created_at` timestamp NULL DEFAULT NULL,
  `updated_at` timestamp NULL DEFAULT NULL
) ENGINE=InnoDB DEFAULT CHARSET=utf8mb4 COLLATE=utf8mb4_unicode_ci;

--
-- Dumping data for table `shippings`
--

INSERT INTO `shippings` (`id`, `first_name`, `email_address`, `phone_number`, `address`, `created_at`, `updated_at`) VALUES
(1, 'mashud Rana', 'mashud624496@gmail.com', '01722159546', 'dsfg', '2018-08-09 08:21:59', '2018-08-09 08:21:59'),
(2, 'mashud Rana', 'mashud624496@gmail.com', '01722159546', 'dsfgsa', '2018-08-09 08:23:50', '2018-08-09 08:23:50'),
(3, 'mashud Rana', 'mashud624496@gmail.com', '01722159546', 'dsfgsa', '2018-08-09 08:24:21', '2018-08-09 08:24:21'),
(4, 'mashud Rana', 'mashud624496@gmail.com', '01722159546', 'dsfgsa', '2018-08-09 08:50:30', '2018-08-09 08:50:30'),
(5, 'mashud Rana', 'mashud624496@gmail.com', '01722159546', 'dsfgsa', '2018-08-09 08:55:32', '2018-08-09 08:55:32'),
(6, 'mashud Rana', 'rounti@gmail.com', '01722159546', 'dsfg', '2018-08-09 08:56:29', '2018-08-09 08:56:29'),
(7, 'mashud Rana', 'rounti@gmail.com', '01722159546', 'dsfg', '2018-08-09 10:22:57', '2018-08-09 10:22:57'),
(8, 'mashud Hossain', 'mashud624496@gmail.com', '01722159546', 'Dhaka', '2018-08-09 13:55:45', '2018-08-09 13:55:45'),
(9, 'Julfiker Rana', 'hellomim22@gmail.com', '01722159546', 'dfsf', '2018-08-09 14:22:10', '2018-08-09 14:22:10'),
(10, 'mashud Rana', 'hellomim22@gmail.com', '65461167', 'ASF AD', '2018-08-09 14:27:57', '2018-08-09 14:27:57'),
(11, 'mashud Rana', 'hellomim22@gmail.com', '01722159546', 'sfsadf', '2018-08-09 14:29:05', '2018-08-09 14:29:05'),
(12, 'mashud Hossain', 'mashud624496@gmail.com', '01730684152', 'fsdghsdf', '2018-08-10 12:25:39', '2018-08-10 12:25:39'),
(13, 'mashud rana', 'mashud624496@gmail.com', '01722025952', 'Nilphamari', '2018-08-13 10:30:55', '2018-08-13 10:30:55');

-- --------------------------------------------------------

--
-- Table structure for table `users`
--

CREATE TABLE `users` (
  `id` int(10) UNSIGNED NOT NULL,
  `name` varchar(255) COLLATE utf8mb4_unicode_ci NOT NULL,
  `email` varchar(150) COLLATE utf8mb4_unicode_ci NOT NULL,
  `password` varchar(255) COLLATE utf8mb4_unicode_ci NOT NULL,
  `remember_token` varchar(100) COLLATE utf8mb4_unicode_ci DEFAULT NULL,
  `created_at` timestamp NULL DEFAULT NULL,
  `updated_at` timestamp NULL DEFAULT NULL
) ENGINE=InnoDB DEFAULT CHARSET=utf8mb4 COLLATE=utf8mb4_unicode_ci;

--
-- Dumping data for table `users`
--

INSERT INTO `users` (`id`, `name`, `email`, `password`, `remember_token`, `created_at`, `updated_at`) VALUES
(1, 'mashud rana', 'mashud624496@gmail.com', '$2y$10$ks6b0B9PPTVs6hgFWAc7de/jqE/ynDxGD0pKeMhk2ngeeR0Q35c1.', 'j8onjCgk5Rd1eWHSgWWi4CjEJkrKOP46pvd7tgz7vmJklTqdJPOUd767LPUc', '2018-08-02 15:38:11', '2018-08-02 15:38:11');

--
-- Indexes for dumped tables
--

--
-- Indexes for table `brands`
--
ALTER TABLE `brands`
  ADD PRIMARY KEY (`id`);

--
-- Indexes for table `categories`
--
ALTER TABLE `categories`
  ADD PRIMARY KEY (`id`);

--
-- Indexes for table `customers`
--
ALTER TABLE `customers`
  ADD PRIMARY KEY (`id`);

--
-- Indexes for table `migrations`
--
ALTER TABLE `migrations`
  ADD PRIMARY KEY (`id`);

--
-- Indexes for table `orders`
--
ALTER TABLE `orders`
  ADD PRIMARY KEY (`id`);

--
-- Indexes for table `order_details`
--
ALTER TABLE `order_details`
  ADD PRIMARY KEY (`id`);

--
-- Indexes for table `password_resets`
--
ALTER TABLE `password_resets`
  ADD KEY `password_resets_email_index` (`email`);

--
-- Indexes for table `products`
--
ALTER TABLE `products`
  ADD PRIMARY KEY (`id`);

--
-- Indexes for table `pryments`
--
ALTER TABLE `pryments`
  ADD PRIMARY KEY (`id`);

--
-- Indexes for table `shippings`
--
ALTER TABLE `shippings`
  ADD PRIMARY KEY (`id`);

--
-- Indexes for table `users`
--
ALTER TABLE `users`
  ADD PRIMARY KEY (`id`),
  ADD UNIQUE KEY `users_email_unique` (`email`);

--
-- AUTO_INCREMENT for dumped tables
--

--
-- AUTO_INCREMENT for table `brands`
--
ALTER TABLE `brands`
  MODIFY `id` int(10) UNSIGNED NOT NULL AUTO_INCREMENT, AUTO_INCREMENT=16;

--
-- AUTO_INCREMENT for table `categories`
--
ALTER TABLE `categories`
  MODIFY `id` int(10) UNSIGNED NOT NULL AUTO_INCREMENT, AUTO_INCREMENT=26;

--
-- AUTO_INCREMENT for table `customers`
--
ALTER TABLE `customers`
  MODIFY `id` int(10) UNSIGNED NOT NULL AUTO_INCREMENT, AUTO_INCREMENT=5;

--
-- AUTO_INCREMENT for table `migrations`
--
ALTER TABLE `migrations`
  MODIFY `id` int(10) UNSIGNED NOT NULL AUTO_INCREMENT, AUTO_INCREMENT=11;

--
-- AUTO_INCREMENT for table `orders`
--
ALTER TABLE `orders`
  MODIFY `id` int(10) UNSIGNED NOT NULL AUTO_INCREMENT, AUTO_INCREMENT=8;

--
-- AUTO_INCREMENT for table `order_details`
--
ALTER TABLE `order_details`
  MODIFY `id` int(10) UNSIGNED NOT NULL AUTO_INCREMENT, AUTO_INCREMENT=6;

--
-- AUTO_INCREMENT for table `products`
--
ALTER TABLE `products`
  MODIFY `id` int(10) UNSIGNED NOT NULL AUTO_INCREMENT, AUTO_INCREMENT=23;

--
-- AUTO_INCREMENT for table `pryments`
--
ALTER TABLE `pryments`
  MODIFY `id` int(10) UNSIGNED NOT NULL AUTO_INCREMENT, AUTO_INCREMENT=5;

--
-- AUTO_INCREMENT for table `shippings`
--
ALTER TABLE `shippings`
  MODIFY `id` int(10) UNSIGNED NOT NULL AUTO_INCREMENT, AUTO_INCREMENT=14;

--
-- AUTO_INCREMENT for table `users`
--
ALTER TABLE `users`
  MODIFY `id` int(10) UNSIGNED NOT NULL AUTO_INCREMENT, AUTO_INCREMENT=2;
COMMIT;

/*!40101 SET CHARACTER_SET_CLIENT=@OLD_CHARACTER_SET_CLIENT */;
/*!40101 SET CHARACTER_SET_RESULTS=@OLD_CHARACTER_SET_RESULTS */;
/*!40101 SET COLLATION_CONNECTION=@OLD_COLLATION_CONNECTION */;
